dataset_id,dataset_name,n_rows_used,n_features_used,best_algorithm,mf_basic_n_samples,mf_basic_n_features,mf_basic_n_numeric,mf_basic_n_categorical,mf_basic_n_classes,mf_basic_missing_ratio,mf_stat_num_mean_abs,mf_stat_num_std_mean,mf_stat_num_skew_abs_mean,mf_stat_num_kurt_mean,mf_stat_abs_corr_mean,mf_stat_target_entropy,mf_struct_samples_per_feature,mf_struct_cat_to_num_ratio,mf_struct_class_imbalance,mf_struct_mean_unique_ratio,mf_struct_zero_ratio_numeric,mf_struct_avg_cat_cardinality
1,1,898,38,random_forest,898.0,38.0,16.0,22.0,5.0,0.6498358926268901,132.89587952394209,159.76657880936227,3.7696541385283275,68.45419113491977,0.06522947242856618,1.1898338561971844,23.63157894736842,1.375,85.5,0.006329855819950767,0.62896714922049,1.7272727272727273
4,labor,57,16,logreg,57.0,16.0,8.0,8.0,2.0,0.3574561403508772,9.483771929824561,1.583953040653945,1.5066606533785603,5.992983443176431,0.20221207678798828,0.9348490242317091,3.5625,1.0,1.85,0.10526315789473684,0.0021929824561403508,2.625
8,8,345,6,random_forest,345.0,6.0,6.0,0.0,2.0,0.0,42.80289855072463,15.827503400802174,1.818097328357022,6.571175730554462,0.26461024114983606,0.9815886212072535,57.5,0.0,1.3793103448275863,0.15845410628019327,0.004347826086956522,0.0
9,autos,205,25,random_forest,205.0,25.0,15.0,10.0,6.0,0.011512195121951221,1443.2520780487805,602.049849300882,0.9084644716490877,1.449646923925296,0.39268014961260433,2.2724740187743717,8.2,0.6666666666666666,22.333333333333332,0.19121951219512195,0.0,6.0
10,lymph,148,18,logreg,148.0,18.0,3.0,15.0,4.0,0.0,2.045045045045045,1.018402304933434,2.326489482053782,9.883463404163214,0.33952594829940724,1.2276775019408097,8.222222222222221,5.0,40.5,0.022147147147147148,0.0,2.933333333333333
11,balancescale,625,4,logreg,625.0,4.0,4.0,0.0,3.0,0.0,3.0,1.4153462926807447,0.0,-1.300798439249973,4.69313476969546e-16,1.318116246437254,156.25,0.0,5.877551020408164,0.008,0.0,0.0
13,breastcancer,286,9,random_forest,286.0,9.0,1.0,8.0,2.0,0.003496503496503497,2.0489510489510487,0.7382166403717156,0.0776607736647419,-1.1556182196286668,0.0,0.8778446951717653,31.77777777777778,8.0,2.364705882352941,0.01592851592851593,0.0,4.75
15,breastw,699,9,random_forest,699.0,9.0,9.0,0.0,2.0,0.002543315848036878,3.1292322365283742,2.7486440580617324,1.4814144044990618,1.6921570422725507,0.6007374893519858,0.9293179372469129,77.66666666666667,0.0,1.900414937759336,0.014147194404705136,0.0,0.0
17,17,105,12,random_forest,105.0,12.0,4.0,8.0,6.0,0.04841269841269843,859.5754761904761,179.0056744220816,0.9959898475128299,1.5072881808361664,0.2197705137834032,2.3176028118025194,8.75,2.0,4.4,0.2507936507936508,0.0,15.75
18,18,1200,6,knn,1200.0,6.0,6.0,0.0,10.0,0.0,1051.1337706918903,630.8419303340473,0.5485138467720005,-0.5838955090059978,0.5660730541241132,3.3219280948729355,200.0,0.0,1.0,0.47402777777777777,0.20152777777777778,0.0
19,19,105,12,random_forest,105.0,12.0,2.0,10.0,6.0,0.04841269841269843,14.117619047619048,7.37029335949498,0.815247696272728,0.33931737793201977,0.12947741803771187,2.3176028118025194,8.75,5.0,4.4,0.15158730158730158,0.0,13.3
21,21,1200,6,random_forest,1200.0,6.0,0.0,6.0,4.0,0.0,0.0,0.0,0.0,0.0,0.0,1.2059989921821348,200.0,6.0,18.666666666666668,0.002916666666666667,0.0,3.5
23,cmc,1200,9,random_forest,1200.0,9.0,9.0,0.0,3.0,0.0,5.446851851851851,1.6971058664945569,1.1634691311973648,0.9615805557646083,0.17568893028362959,1.5387441771915427,133.33333333333334,0.0,1.8929889298892988,0.006574074074074074,0.15527777777777776,0.0
25,colic,368,27,random_forest,368.0,27.0,27.0,0.0,2.0,0.1939412238325282,40865.75193236715,57451.59515277776,2.104957504156835,18.26119589157931,0.12670677274575137,0.9503376699681414,13.62962962962963,0.0,1.7058823529411764,0.08121980676328502,0.07971014492753623,0.0
27,colic,368,22,logreg,368.0,22.0,7.0,15.0,2.0,0.2380187747035573,30.589751552795033,11.828042475655282,1.4246504933377522,4.451315831627668,0.12309467675060948,0.9503376699681414,16.727272727272727,2.142857142857143,1.7058823529411764,0.04878952569169961,0.0,3.6666666666666665
29,creditapproval,690,15,random_forest,690.0,15.0,6.0,9.0,2.0,0.006473429951690821,206.97401207729467,901.2234562442172,4.432816476116844,50.01940617216368,0.16611546592444967,0.991230898900467,46.0,1.5,1.247557003257329,0.11294685990338166,0.22004830917874396,4.444444444444445
31,creditg,1000,20,random_forest,1000.0,20.0,7.0,13.0,2.0,0.0,476.5838571428571,407.0476188282119,1.1500699623872632,0.9242775257980996,0.10248583374773611,0.8812908992278072,50.0,1.8571428571428572,2.3333333333333335,0.053750000000000006,0.0,4.153846153846154
33,33,540,39,random_forest,540.0,39.0,24.0,15.0,2.0,0.04743589743589744,831260.280729263,735.589396613836,1.6399637058395307,9.714208893336279,0.0847190417730317,0.9824740868357557,13.846153846153847,0.625,1.368421052631579,0.09178537511870846,0.08811728395061728,35.53333333333333
34,postoperativepatientdata,90,8,knn,90.0,8.0,1.0,7.0,3.0,0.004166666666666667,10.911111111111111,2.2716842459634,0.7592239884291848,0.5220196133038959,0.0,0.9803075405774828,11.25,7.0,32.0,0.03194444444444444,0.0,2.7142857142857144
35,dermatology,366,34,random_forest,366.0,34.0,34.0,0.0,6.0,0.0006428801028608164,1.7884924461587914,1.256203056496781,1.4888300170298707,2.5015434996266452,0.22822839201147063,2.4325972738809507,10.764705882352942,0.0,5.6,0.01518804243008679,0.5962712954034073,0.0
37,diabetes,768,8,random_forest,768.0,8.0,8.0,0.0,2.0,0.0,44.98579117838541,25.733742975451573,1.0973935218896975,2.7753623954423947,0.1716567889709266,0.9331343166378978,96.0,0.0,1.8656716417910448,0.2041015625,0.12418619791666667,0.0
39,ecoli,336,7,knn,336.0,7.0,7.0,0.0,8.0,0.0,0.49956632653061234,0.14372869668428684,3.6529169593008155,51.976030830189856,0.18400046669721387,2.1887455831796836,48.0,0.0,71.5,0.15433673469387754,0.0017006802721088435,0.0
40,sonar,208,60,random_forest,208.0,60.0,60.0,0.0,2.0,0.0,0.2813212900641026,0.14223782700500703,1.1437112486709375,2.2767766937181766,0.2647993883054989,0.9967295890179513,3.466666666666667,0.0,1.1443298969072164,0.9019230769230769,0.0007211538461538462,0.0
41,glass,214,9,random_forest,214.0,9.0,9.0,0.0,6.0,0.0,11.265851609553478,0.6895407776407763,2.0710402859849895,9.908544271023604,0.2276984293823725,2.1765339923895444,23.77777777777778,0.0,8.444444444444445,0.4875389408099688,0.2035306334371755,0.0
43,haberman,306,3,logreg,306.0,3.0,3.0,0.0,2.0,0.0,39.77886710239651,7.080836839591895,1.069694273686161,3.340886065627782,0.05215667405086785,0.8337649072077796,102.0,0.0,2.7777777777777777,0.10021786492374728,0.14814814814814814,0.0
48,tae,151,5,random_forest,151.0,5.0,5.0,0.0,3.0,0.0,10.654304635761589,5.499840201625443,0.9821371202395648,0.06846993038188871,0.17194460480745874,1.5845209168457957,30.2,0.0,1.0612244897959184,0.1337748344370861,0.0,0.0
49,heartc,303,13,knn,303.0,13.0,6.0,7.0,2.0,0.0017771007870017769,97.26732673267327,17.241934398417033,0.8459255183722107,1.1189570179332673,0.20264622920748787,0.9942646092590195,23.307692307692307,1.1666666666666667,1.1956521739130435,0.10053313023610054,0.15346534653465346,2.7142857142857144
50,tictactoe,958,9,random_forest,958.0,9.0,0.0,9.0,2.0,0.0,0.0,0.0,0.0,0.0,0.0,0.9309539862479106,106.44444444444444,9.0,1.8855421686746987,0.003131524008350731,0.0,3.0
51,hearth,294,13,logreg,294.0,13.0,6.0,7.0,2.0,0.20460491889063318,95.05912698412699,19.14155454448952,0.6966375439418776,1.1960611449460097,0.1970733805102593,0.9431340036800949,22.615384615384617,1.1666666666666667,1.7735849056603774,0.08451072736787021,0.27380952380952384,2.7142857142857144
53,heartstatlog,270,13,logreg,270.0,13.0,13.0,0.0,2.0,0.0,46.03603988603989,8.439216804342829,0.7931025796089585,0.11514511097134256,0.1575256396387435,0.9910760598353369,20.76923076923077,0.0,1.25,0.10940170940170939,0.249002849002849,0.0
54,vehicle,846,18,logreg,846.0,18.0,18.0,0.0,4.0,0.0,117.63494877856581,22.770839172096302,1.0667267595100336,5.1531405165147595,0.4070565349191195,1.9990667655285925,47.0,0.0,1.0954773869346734,0.09390596270028893,0.0070265300761754666,0.0
55,hepatitis,155,19,logreg,155.0,19.0,6.0,13.0,2.0,0.05670628183361631,49.104623655913976,27.8745385621276,1.4237300782680171,5.262817938382517,0.18754366467909772,0.7346451526473101,8.157894736842104,2.1666666666666665,3.84375,0.11850594227504244,0.001075268817204301,2.0
56,vote,435,16,random_forest,435.0,16.0,0.0,16.0,2.0,0.056321839080459776,0.0,0.0,0.0,0.0,0.0,0.9623080486931854,27.1875,16.0,1.5892857142857142,0.004597701149425287,0.0,2.0
59,ionosphere,351,34,random_forest,351.0,34.0,34.0,0.0,2.0,0.0,0.262842444276856,0.5104205012204398,0.597263342919683,0.3505061194474793,0.230562077777909,0.9418285354446302,10.323529411764707,0.0,1.7857142857142858,0.6827551533433887,0.11907156024803084,0.0
61,iris,150,4,knn,150.0,4.0,4.0,0.0,3.0,0.0,3.4636666666666667,0.9473104002482852,0.2571061083567424,-0.7507394876837397,0.5898157206151017,1.584962500716828,37.5,0.0,1.0,0.20500000000000002,0.0,0.0
62,zoo,101,17,logreg,101.0,17.0,1.0,16.0,7.0,0.0,2.8415841584158414,2.033384731266205,0.13942710182441184,-0.5986300839021887,0.0,2.39055968228394,5.9411764705882355,16.0,10.25,0.07920792079207921,0.22772277227722773,8.125
164,molecularbiologypromoters,106,58,random_forest,106.0,58.0,0.0,58.0,2.0,0.0,0.0,0.0,0.0,0.0,0.0,0.9999999999971146,1.8275862068965518,58.0,1.0,0.05432661027976578,0.0,5.758620689655173
173,173,323,12,random_forest,323.0,12.0,10.0,2.0,6.0,0.0,1.1207430340557276,0.38652337734603953,3.1628201558192073,13.128561374122176,0.13924678169184096,2.321709379348279,26.916666666666668,0.2,11.0,0.008771929824561405,0.27678018575851393,5.0
174,174,1066,12,logreg,1066.0,12.0,10.0,2.0,6.0,0.0,1.027204502814259,0.3505752169006917,4.7470275768072225,53.309566114068204,0.14208147472528426,2.3619559539771804,88.83333333333333,0.2,7.6976744186046515,0.0032833020637898693,0.2790806754221388,5.0
181,yeast,1200,8,logreg,1200.0,8.0,8.0,0.0,10.0,0.0,0.3807916666666667,0.09723368977122662,3.306331234552794,26.113907137716954,0.08541166878107552,2.4883045074583037,150.0,0.0,93.75,0.041875,0.12395833333333334,0.0
185,baseball,1200,17,logreg,1200.0,17.0,15.0,2.0,3.0,0.000931372549019608,640.6634237222223,324.4438826766734,1.110118947554221,2.21942066359082,0.5569216783591289,0.5402951560646766,70.58823529411765,0.13333333333333333,21.333333333333332,0.4200490196078432,0.00044444444444444447,603.0
187,wine,178,13,random_forest,178.0,13.0,13.0,0.0,3.0,0.0,69.13366292091617,26.17778523132608,0.4325480594191304,0.006742802303922042,0.30495748135034884,1.566822276850853,13.692307692307692,0.0,1.4791666666666667,0.5514261019878999,0.0,0.0
188,eucalyptus,736,19,random_forest,736.0,19.0,14.0,5.0,5.0,0.032036613272311214,390.7347362189441,172.24149396096155,2.972705737787965,63.08601965476917,0.13451031786636858,2.262083620421061,38.73684210526316,0.35714285714285715,2.038095238095238,0.10848112128146453,0.0007763975155279503,15.4
194,cleveland,303,13,logreg,303.0,13.0,13.0,0.0,5.0,0.0015232292460015233,45.82762122366083,8.399136797335606,0.7843862625348099,0.06396908682919651,0.15717778537597876,1.8459421848450996,23.307692307692307,0.0,12.615384615384615,0.10078700177710079,0.25107895404925107,0.0
205,sleep,62,7,random_forest,62.0,7.0,7.0,0.0,5.0,0.027649769585253454,93.65391474654378,285.34075924522284,2.3802782589924583,11.285391485321083,0.4341384594366629,2.2609466559447804,8.857142857142858,0.0,2.111111111111111,0.619815668202765,0.0,0.0
231,hungarian,294,13,knn,294.0,13.0,13.0,0.0,2.0,0.20460491889063318,44.813788592360034,9.08794990193353,1.5422937835278654,4.831387766394574,0.1269428560279028,0.9431340036800949,22.615384615384617,0.0,1.7735849056603774,0.08451072736787021,0.3346415489272632,0.0
275,metaallarff,71,62,random_forest,71.0,62.0,62.0,0.0,6.0,0.0,57.02229259791003,315.431810944361,2.24474933732901,12.940151590398303,0.26220086183802943,1.7870659855440283,1.1451612903225807,0.0,21.0,0.6417537482962289,0.20672421626533394,0.0
276,metabatchincrementalarff,74,62,logreg,74.0,62.0,62.0,0.0,4.0,0.0,55.589587944856156,309.36970077237544,2.2576484411356317,13.385613607973555,0.26448425464352,1.3100298863618751,1.1935483870967742,0.0,16.666666666666668,0.6373147340889277,0.20727986050566696,0.0
277,metaensemblesarff,74,62,logreg,74.0,62.0,62.0,0.0,4.0,0.0,55.589587944856156,309.36970077237544,2.2576484411356317,13.385613607973555,0.26448425464352,1.543706343096797,1.1935483870967742,0.0,9.0,0.6373147340889277,0.20727986050566696,0.0
278,metainstanceincrementalarff,74,62,random_forest,74.0,62.0,62.0,0.0,4.0,0.0,55.589587944856156,309.36970077237544,2.2576484411356317,13.385613607973555,0.26448425464352,1.2358298841100495,1.1935483870967742,0.0,18.0,0.6373147340889277,0.20727986050566696,0.0
285,flags,194,29,random_forest,194.0,29.0,25.0,4.0,8.0,0.0,29.839175257731963,91.38717067022753,2.4547710653288948,12.51154739478553,0.12723285575548185,2.546339743843265,6.689655172413793,0.16,15.0,0.08816210451475293,0.551958762886598,54.25
307,307,990,12,random_forest,990.0,12.0,10.0,2.0,11.0,0.0,0.775989090909091,0.6993318109424391,0.14089822122272994,-0.39142721501684685,0.21129965022557956,3.4594316186214273,82.5,0.2,1.0,0.6821548821548822,0.0006060606060606061,8.5
327,bridges,105,12,random_forest,105.0,12.0,4.0,8.0,6.0,0.04841269841269843,859.5754761904761,179.0056744220816,0.9959898475128299,1.5072881808361664,0.2197705137834032,2.3176028118025194,8.75,2.0,4.4,0.2507936507936508,0.0,15.75
328,bridges,105,12,random_forest,105.0,12.0,2.0,10.0,6.0,0.04841269841269843,14.117619047619048,7.37029335949498,0.815247696272728,0.33931737793201977,0.12947741803771187,2.3176028118025194,8.75,5.0,4.4,0.15158730158730158,0.0,13.3
329,hayesroth,160,4,random_forest,160.0,4.0,4.0,0.0,3.0,0.0,1.9375,0.9124890720951268,0.5740318024082077,-0.7422881167188244,0.03178967019476426,1.5154656357027676,40.0,0.0,2.096774193548387,0.0234375,0.0,0.0
333,monksproblems,556,6,random_forest,556.0,6.0,6.0,0.0,2.0,0.0,1.9211630695443647,0.7622853419765282,0.024461577654986282,-1.647687006206113,0.014985836855703337,0.9999999999971146,92.66666666666667,0.0,1.0,0.005095923261390888,0.0,0.0
334,monksproblems,601,6,random_forest,601.0,6.0,6.0,0.0,2.0,0.0,1.916250693288963,0.7598875400781863,0.009352441707065623,-1.6410824801816244,0.013879023721716455,0.9274373177961424,100.16666666666667,0.0,1.9174757281553398,0.004714364947310039,0.0,0.0
335,monksproblems,554,6,random_forest,554.0,6.0,6.0,0.0,2.0,0.0,1.9127557160048134,0.7627625527400675,0.01995708100500645,-1.64921103199315,0.011491320334804765,0.998862151138898,92.33333333333333,0.0,1.0827067669172932,0.005114320096269555,0.0,0.0
336,SPECT,267,22,logreg,267.0,22.0,22.0,0.0,2.0,0.0,0.3115423901940756,0.45197724539526035,0.8943072074097291,-0.9016463337718018,0.19736115500576612,0.7337524087960748,12.136363636363637,0.0,3.8545454545454545,0.0074906367041198485,0.6884576098059244,0.0
337,SPECTF,349,44,random_forest,349.0,44.0,44.0,0.0,2.0,0.0,65.03223495702005,9.312904725278703,1.8210042360503842,5.782937715235994,0.27881890187365765,0.8446127584945315,7.931818181818182,0.0,2.6736842105263157,0.12288356342797603,0.0,0.0
338,grubdamage,155,8,logreg,155.0,8.0,5.0,3.0,4.0,0.0,20.18709677419355,1.7969299868138264,0.3195410852422008,-0.8719414877571087,0.18465537778288327,1.924028358268226,19.375,0.6,2.5789473684210527,0.04919354838709678,0.06193548387096774,9.0
340,squashstored,52,24,random_forest,52.0,24.0,23.0,1.0,3.0,0.00560897435897436,379.0403177257525,87.3963264179333,0.5076865556000675,-0.2947227509953127,0.395377092981738,1.4642745091432015,2.1666666666666665,0.043478260869565216,2.875,0.7235576923076922,0.0,3.0
342,squashunstored,52,23,random_forest,52.0,23.0,22.0,1.0,3.0,0.03260869565217392,278.2771765734266,62.94657157085572,0.41959484944921643,-0.18931764619056243,0.4327197944348131,1.3143204867018508,2.260869565217391,0.045454545454545456,6.0,0.68561872909699,0.0,3.0
345,345,76,45,logreg,76.0,45.0,3.0,42.0,3.0,0.006432748538011696,1.6008771929824561,1.2180092579328397,0.6046127600009541,-0.9178894716249872,0.40629800518182546,0.4774066425119603,1.6888888888888889,14.0,23.333333333333332,0.07046783625730993,0.3333333333333333,5.404761904761905
444,analcatdataboxing,132,3,random_forest,132.0,3.0,1.0,2.0,2.0,0.0,6.5,3.4652032534594936,0.0,-1.2172936187247456,0.0,0.9958560657482312,44.0,2.0,1.1639344262295082,0.06313131313131314,0.0,6.5
446,prnncrabs,200,7,logreg,200.0,7.0,6.0,1.0,2.0,0.0,22.728666666666665,6.491909691746174,0.0379405399251976,-0.628048913664785,0.9249239850952693,0.9999999999971146,28.571428571428573,0.16666666666666666,1.0,0.46142857142857147,0.0,2.0
448,analcatdataboxing,120,3,random_forest,120.0,3.0,1.0,2.0,2.0,0.0,6.5,3.4665266078149575,0.0,-1.2173302577474678,0.0,0.9340680553726057,40.0,2.0,1.8571428571428572,0.06666666666666667,0.0,6.0
449,analcatdatahomerun,162,27,random_forest,162.0,27.0,24.0,3.0,4.0,0.0,18.24074074074074,10.592993438727204,0.9377672264029414,2.1304981921531225,0.11210690144775395,1.2424854831351655,6.0,0.125,50.5,0.19958847736625515,0.30426954732510286,7.0
450,analcatdatalawsuit,264,4,random_forest,264.0,4.0,4.0,0.0,2.0,0.0,17.184876893939396,6.781059946587086,0.6639332385332568,-0.1549945116692249,0.31206431463232287,0.3732315518894397,66.0,0.0,12.894736842105264,0.2746212121212121,0.1581439393939394,0.0
451,irish,500,5,random_forest,500.0,5.0,2.0,3.0,2.0,0.0128,69.493,15.195713035847401,0.27889108262159557,-0.3764720812525464,0.2480215818219107,0.9909324035654845,100.0,1.5,1.2522522522522523,0.0444,0.0,5.0
452,analcatdatabroadwaymult,285,7,random_forest,285.0,7.0,3.0,4.0,7.0,0.013533834586466164,27.403321894736845,6.9466839440258035,0.38262925033770473,-1.0655317957502695,0.3272293727466952,2.475263408933947,40.714285714285715,1.3333333333333333,5.619047619047619,0.10977443609022557,0.0,25.75
454,analcatdatahalloffame,1200,17,logreg,1200.0,17.0,15.0,2.0,3.0,0.000931372549019608,640.6634237222223,324.4438826766734,1.110118947554221,2.21942066359082,0.5569216783591289,0.5402951560646766,70.58823529411765,0.13333333333333333,21.333333333333332,0.4200490196078432,0.00044444444444444447,603.0
455,cars,406,8,random_forest,406.0,8.0,7.0,1.0,3.0,0.004310344827586207,485.64964813511614,143.77565488777208,0.49633976976928923,-0.5321126939162321,0.6422602276875372,1.3279423646085267,50.75,0.14285714285714285,3.4794520547945207,0.3346674876847291,0.0,312.0
458,analcatdataauthorship,841,70,knn,841.0,70.0,70.0,0.0,4.0,0.0,10.12524205877357,5.356526083946353,1.1158652239503413,2.359129460351534,0.16155790490973115,1.7874160492203948,12.014285714285714,0.0,5.763636363636364,0.034312892814676414,0.11037880074740955,0.0
459,analcatdataasbestos,83,3,logreg,83.0,3.0,1.0,2.0,2.0,0.0,147.0722891566265,75.8838623437688,0.025082469040279293,-1.2403333647323873,0.0,0.9915017866826692,27.666666666666668,2.0,1.2432432432432432,0.27309236947791166,0.0,2.5
460,analcatdatareviewer,238,8,logreg,238.0,8.0,0.0,8.0,3.0,0.38550420168067223,0.0,0.0,0.0,0.0,0.0,1.4767601862392838,29.75,8.0,2.2962962962962963,0.13602941176470587,0.0,32.375
461,analcatdatacreditscore,100,6,random_forest,100.0,6.0,6.0,0.0,2.0,0.0,37.540400000000005,50.90231496004039,2.4474369742111386,8.959526006418216,0.14920282306947644,0.8414646362052902,16.666666666666668,0.0,2.7037037037037037,0.3116666666666667,0.4483333333333333,0.0
463,backache,180,32,logreg,180.0,32.0,32.0,0.0,2.0,0.0,8.184135416666667,2.8869416604827456,2.6770709498003296,13.687538802564005,0.09582511471177516,0.5813214987608174,5.625,0.0,6.2,0.08628472222222222,0.6413194444444444,0.0
464,prnnsynth,250,2,logreg,250.0,2.0,2.0,0.0,2.0,0.0,0.28855994426,0.372159317733443,0.14865085036756992,-0.8789167415114039,0.19644316351279217,0.9999999999971146,125.0,0.0,1.0,1.0,0.0,0.0
465,analcatdatacyyoung,97,10,logreg,97.0,10.0,7.0,3.0,2.0,0.0,332.0254580265096,25.509447604043494,0.3139481718816769,-0.720036666157241,0.4280923103488123,0.8071675554260052,9.7,0.42857142857142855,3.0416666666666665,0.41546391752577316,0.0029455081001472753,22.0
466,schizo,340,14,random_forest,340.0,14.0,12.0,2.0,2.0,0.17521008403361346,11.97896911764706,7.550210058811931,0.19498159924310346,1.4461678032452288,0.49845324977198585,0.9987766081808276,24.285714285714285,0.16666666666666666,1.0858895705521472,0.4668067226890756,0.0,2.5
467,analcatdatajapansolvent,52,9,random_forest,52.0,9.0,8.0,1.0,2.0,0.0,0.2511266826923077,0.49235999481398807,2.497585502949118,8.966130687202481,0.4337440145190072,0.9989326546231728,5.777777777777778,0.125,1.08,0.9529914529914529,0.0,52.0
468,confidence,72,3,knn,72.0,3.0,3.0,0.0,6.0,0.0,641.2180555555556,506.45280974588144,0.3652662931685781,-1.0993380586468862,0.7576041410653872,2.5849625007125,24.0,0.0,1.0,0.9444444444444445,0.0,0.0
469,analcatdatadmft,797,4,logreg,797.0,4.0,2.0,2.0,6.0,0.0,2.589084065244667,2.140631845801406,0.42730000256001993,-0.874734699162982,0.5933679746559976,2.580259207773995,199.25,1.0,1.2601626016260163,0.006587202007528231,0.25282308657465496,2.5
470,profb,672,9,knn,672.0,9.0,5.0,4.0,2.0,0.1984126984126984,28.800744047619048,5.649864683884347,0.345610751181019,-0.36347116924209577,0.07930767297925703,0.9182958340516041,74.66666666666667,0.8,2.0,0.032572751322751316,0.01607142857142857,15.25
471,471,365,5,random_forest,365.0,5.0,5.0,0.0,12.0,0.000547945205479452,112.58,64.74841709817751,0.004027715015779194,-1.2043737513698602,0.20747449895722866,3.584373451984075,73.0,0.0,1.1071428571428572,0.6126027397260273,0.0,0.0
472,lupus,87,3,logreg,87.0,3.0,3.0,0.0,2.0,0.0,51.41436781609195,32.028810065034314,1.3227891762406592,2.602874336836057,0.33265163312693374,0.9722794620939967,29.0,0.0,1.4857142857142858,0.49425287356321834,0.0,0.0
474,analcatdatamarketing,362,32,logreg,362.0,32.0,32.0,0.0,5.0,0.008459944751381215,3.235928867403315,0.9987255074828522,0.5541718492453741,0.20706256845169319,0.12642616365115497,1.5917951351097224,11.3125,0.0,18.454545454545453,0.013639502762430939,0.0,0.0
475,analcatdatagermangss,400,5,logreg,400.0,5.0,2.0,3.0,4.0,0.0,1003.29875,15.263156325293084,1.6109108314119527,4.9631706196097,0.04360058335001553,1.9999999999942293,80.0,1.5,1.0,0.0435,0.11875,4.0
476,analcatdatabankruptcy,50,6,logreg,50.0,6.0,5.0,1.0,2.0,0.0,21.634847999999998,37.448424881357674,2.280324739353059,8.450045797531711,0.15538167720993382,0.9999999999971146,8.333333333333334,0.2,1.0,0.9733333333333333,0.012,50.0
478,478,500,23,random_forest,500.0,23.0,22.0,1.0,15.0,0.0,14.631925454545454,7.639983091147465,1.059712106647997,3.397683576815524,0.23355741594484083,3.6485620759911366,21.73913043478261,0.045454545454545456,13.333333333333334,0.44973913043478253,0.018363636363636363,500.0
479,analcatdatacyyoung,92,10,random_forest,92.0,10.0,7.0,3.0,2.0,0.0,335.00423611801233,29.038738343293634,0.39687017647510914,-0.8896984421817669,0.4354554637959943,0.734781352209895,9.2,0.42857142857142855,3.8421052631578947,0.4445652173913044,0.08229813664596274,21.0
480,prnnviruses,61,18,logreg,61.0,18.0,18.0,0.0,4.0,0.0,9.646630236794174,3.112043442174597,0.8128005845555439,0.9742848991767986,0.28817143383867017,1.4307198723447827,3.388888888888889,0.0,13.0,0.1848816029143898,0.058287795992714025,0.0
481,biomed,209,8,random_forest,209.0,8.0,8.0,0.0,2.0,0.008971291866028708,8406.782057416267,3705.499709407661,1.7825399172987737,7.256738269700403,0.20419149842812584,0.9417258626591813,26.125,0.0,1.7866666666666666,0.44258373205741625,0.0,0.0
501,analcatdataimpeach,100,10,random_forest,100.0,10.0,4.0,6.0,2.0,0.0,524.385,11.706979057306286,0.10126687182392954,-1.344209924482016,0.3324877630708379,0.9580420222234143,10.0,1.5,1.631578947368421,0.21600000000000003,0.145,26.333333333333332
502,analcatdatawhale,223,7,knn,223.0,7.0,7.0,0.0,2.0,0.0,40.97309417040359,22.361060933603433,0.22727072110036373,-0.09829158432056635,0.2010262298382548,0.9999854943778974,31.857142857142858,0.0,1.009009009009009,0.35682254964766175,0.08135810377962845,0.0
504,analcatdatasupreme,1200,7,random_forest,1200.0,7.0,7.0,0.0,10.0,0.0,281.92238095238093,1.7988352470991749,2.8316054835621527,17.70984500819611,0.058054082713207014,1.823996853635645,171.42857142857142,0.0,24.057142857142857,0.0064285714285714285,0.6833333333333333,0.0
506,analcatdatagsssexsurvey,159,9,logreg,159.0,9.0,9.0,0.0,5.0,0.0041928721174004195,2721.049615653389,1880.5885393501464,2.08443835218573,6.86631509255695,0.1391452613751882,1.067869350805608,17.666666666666668,0.0,62.0,0.07127882599580712,0.32634521313766596,0.0
510,sleep,62,10,random_forest,62.0,10.0,9.0,1.0,5.0,0.061290322580645165,74.01290143369175,222.43347984283673,2.0830971565453464,9.254774453937669,0.40883658926611793,2.2609466559447804,6.2,0.1111111111111111,2.111111111111111,0.6451612903225807,0.0017921146953405018,62.0
516,pbcseq,1200,18,random_forest,1200.0,18.0,13.0,5.0,3.0,0.03314814814814815,1778.6333147435898,497.9083073838374,1.9517741333266985,12.418146667959965,0.1672785048760456,1.286276238797051,66.66666666666667,0.38461538461538464,7.274725274725275,0.1850925925925926,0.10897435897435898,140.8
524,pbc,418,19,logreg,418.0,19.0,13.0,6.0,3.0,0.13006799294887939,1801.4232995951413,568.5344807878369,1.7604647065040901,7.071984731486731,0.16634736024040972,1.24461843114254,22.0,0.46153846153846156,9.28,0.33996474439687735,0.0,2.1666666666666665
540,mu,284,10,random_forest,284.0,10.0,10.0,0.0,50.0,0.0,538.5440140845071,980.6944656834725,4.574286243009525,43.9674788846343,0.515016172814859,5.6171055541754935,28.4,0.0,1.8,0.4348591549295774,0.0,0.0
546,sensory,576,11,random_forest,576.0,11.0,11.0,0.0,11.0,0.0,2.1363636363636362,0.8928621401297118,0.0,-1.6134430995787878,0.0444984284700758,2.760701027165482,52.36363636363637,0.0,70.0,0.005681818181818182,0.0,0.0
553,kidney,76,6,random_forest,76.0,6.0,4.0,2.0,20.0,0.0,41.39802631578947,39.28030776409345,1.0055169758699738,0.5085783580858205,0.17039235295992913,4.1158340921343655,12.666666666666666,0.5,4.0,0.29824561403508776,0.05921052631578947,3.0
679,rmftsasleepdata,1024,2,random_forest,1024.0,2.0,2.0,0.0,4.0,0.0,85.6291748046875,7.6422800732355265,0.4259016357376933,-0.5720501224590168,0.45510354548934256,1.8493804069073088,512.0,0.0,4.297872340425532,0.0439453125,0.0,0.0
682,sleuthex,87,10,logreg,87.0,10.0,10.0,0.0,2.0,0.0,47.06949540229885,1.0302941766696156,0.4531550799166955,0.12634694132330268,0.4024604901460134,0.9784493292657336,8.7,0.0,1.4166666666666667,0.435632183908046,0.0,0.0
683,sleuthex,60,7,random_forest,60.0,7.0,7.0,0.0,2.0,0.0,65.87499999999999,15.791524932653683,0.6845424929476523,0.5229327867419452,0.6086393932843002,0.9999999999971146,8.571428571428571,0.0,1.0,0.8952380952380954,0.0,0.0
685,visualizinglivestock,130,2,random_forest,130.0,2.0,1.0,1.0,5.0,0.0,18212792.307692308,45105899.03061052,5.4990051309104615,37.68961214596473,0.0,2.321928094880149,65.0,1.0,1.0,0.5961538461538461,0.0,26.0
692,rabe,50,5,random_forest,50.0,5.0,5.0,0.0,4.0,0.0,1193.9519999999998,177.0972170079438,0.5917021345853306,0.8057888033772189,0.3237902858880156,1.9707643626195763,10.0,0.0,1.7777777777777777,0.9119999999999999,0.0,0.0
694,diggletablea,310,8,random_forest,310.0,8.0,8.0,0.0,9.0,0.0,144.80141233870967,40.984187821722,0.28083632649964585,-0.776846535221969,0.7097794528194125,3.120903063715367,38.75,0.0,2.2777777777777777,0.5657258064516129,0.0,0.0
700,chscasewhale,223,9,logreg,223.0,9.0,9.0,0.0,2.0,0.0,83.70303936223219,48.30159540730646,0.40221134221575083,0.2548264148463597,0.27991766509659605,0.9999854943778974,24.77777777777778,0.0,1.009009009009009,0.4449427005480817,0.06726457399103139,0.0
703,chscasefoot,526,5,logreg,526.0,5.0,4.0,1.0,3.0,0.0,2.48574144486692,1.8167833562349514,0.8492710257700485,0.39727346806379094,0.06781928770604516,1.5846116401655375,105.2,0.25,1.0529411764705883,0.12319391634980989,0.2956273764258555,297.0
710,rabe,66,5,logreg,66.0,5.0,5.0,0.0,2.0,0.0,37.721030303030304,68.41311524942834,2.4918882719022006,9.340150422595915,0.3719774018107257,0.9999999999971146,13.2,0.0,1.0,0.8515151515151516,0.0,0.0
713,vineyard,52,3,knn,52.0,3.0,3.0,0.0,2.0,0.0,13.144230769230768,6.477173730178362,0.3101519704143998,-0.4557704140951488,0.5982430717469569,0.9957274520820403,17.333333333333332,0.0,1.1666666666666667,0.5256410256410257,0.01282051282051282,0.0
714,fruitfly,125,4,knn,125.0,4.0,4.0,0.0,2.0,0.0,16.01524,6.177514382361091,0.6211287358619866,-0.6068846935401535,0.3075154080524833,0.9660780975923402,31.25,0.0,1.5510204081632653,0.132,0.15,0.0
716,fric,100,50,random_forest,100.0,50.0,50.0,0.0,2.0,0.0,2.5200000000973748e-08,1.0000000246158738,0.162471132362792,-1.0717704772386716,0.08265480653697517,0.9580420222234143,2.0,0.0,1.631578947368421,1.0,0.0,0.0
717,rmftsaladata,508,10,logreg,508.0,10.0,10.0,0.0,2.0,0.0,48.00183464566929,7.477723551037153,0.9304857011333427,1.7234641598935436,0.3876564358386097,0.9885202681701802,50.8,0.0,1.2882882882882882,0.8482283464566928,0.0,0.0
719,veteran,137,7,knn,137.0,7.0,7.0,0.0,2.0,0.0,19.047966631908235,6.796178095363888,1.4164388071006808,4.21342957403671,0.08778754405265352,0.897588750768677,19.571428571428573,0.0,2.186046511627907,0.09384775808133472,0.1105318039624609,0.0
720,abalone,1200,8,knn,1200.0,8.0,7.0,1.0,2.0,0.0,0.38161654761904756,0.1780511847545337,1.5025088257125627,20.005740760130987,0.8594005227705074,0.9999919850098227,150.0,0.14285714285714285,1.0066889632107023,0.3357291666666667,0.00011904761904761905,3.0
721,pwLinear,200,10,logreg,200.0,10.0,10.0,0.0,2.0,0.0,0.06200000000000001,0.8392019430203985,0.11676006379403943,-1.5528290300280934,0.059004340639389294,0.9993506898117249,20.0,0.0,1.0618556701030928,0.014500000000000002,0.291,0.0
724,analcatdatavineyard,468,3,knn,468.0,3.0,3.0,0.0,2.0,0.0,673.5,7.118268155534701,0.0,-1.2152089175507046,0.33240714834419777,0.9910760598353369,156.0,0.0,1.25,0.0527065527065527,0.0,0.0
726,fric,100,5,random_forest,100.0,5.0,5.0,0.0,2.0,0.0,2.600000000430036e-08,1.0000000267531333,0.24926777170776301,-0.6169889866416577,0.31284469272960375,0.9709505944517833,20.0,0.0,1.5,1.0,0.0,0.0
728,analcatdatasupreme,1200,7,random_forest,1200.0,7.0,7.0,0.0,2.0,0.0,281.91797619047617,1.774181364267617,2.6635045249933404,13.263028582820104,0.061839731605810154,0.7950402793816368,171.42857142857142,0.0,3.1666666666666665,0.0064285714285714285,0.685952380952381,0.0
729,visualizingslope,44,3,random_forest,44.0,3.0,3.0,0.0,2.0,0.0,35.01577677272727,10.866984225137005,0.32141929997898805,-0.9786141219935091,0.4446574990192877,0.9624127354601069,14.666666666666666,0.0,1.588235294117647,0.75,0.0,0.0
730,fric,250,5,random_forest,250.0,5.0,5.0,0.0,2.0,0.0,1.6000000006144434e-08,1.0000000256382395,0.1070453805075876,-1.052861289679703,0.1491127343519371,0.9983373765189967,50.0,0.0,1.1008403361344539,1.0,0.0,0.0
731,baskball,96,4,random_forest,96.0,4.0,4.0,0.0,2.0,0.0,60.930061718750004,4.741660677167034,0.5086148842903908,0.273686877625049,0.15973795854584413,0.9996868924839568,24.0,0.0,1.0425531914893618,0.5677083333333334,0.0,0.0
732,fric,250,50,logreg,250.0,50.0,50.0,0.0,2.0,0.0,1.7519999997706037e-08,1.0000000307277817,0.07447911859319062,-1.1797956940005472,0.05000346897303423,0.9970433402075355,5.0,0.0,1.1367521367521367,1.0,0.0,0.0
733,machinecpu,209,6,random_forest,209.0,6.0,6.0,0.0,2.0,0.0,2486.0215311004786,2656.502062487842,3.108127444700647,13.202312837755352,0.4605266369119508,0.8384968566368416,34.833333333333336,0.0,2.732142857142857,0.14035087719298248,0.06299840510366826,0.0
736,visualizingenvironmental,111,3,knn,111.0,3.0,3.0,0.0,2.0,0.0,101.56456456456458,44.6527466229285,0.6621302471031225,-0.0809847142109031,0.4469902487889186,0.9985358500476825,37.0,0.0,1.0943396226415094,0.5945945945945946,0.0,0.0
737,spacega,1200,6,random_forest,1200.0,6.0,6.0,0.0,2.0,0.0,15247701.584585117,1896838.420974429,0.5432039338682922,0.6220488997185044,0.5789217263150381,0.9999499058395032,200.0,0.0,1.0168067226890756,0.9869444444444445,0.0,0.0
738,pharynx,195,11,random_forest,195.0,11.0,11.0,0.0,2.0,0.0009324009324009324,1708.629836829837,973.6328203537255,0.5629419385122522,-0.4725871736354366,0.07692558417677703,0.9576790277632986,17.727272727272727,0.0,1.635135135135135,0.1226107226107226,0.043356643356643354,0.0
739,sleep,62,7,logreg,62.0,7.0,7.0,0.0,2.0,0.018433179723502304,92.52326958525346,284.9104802000105,2.4040265351286756,11.157337040348024,0.42567926018446184,0.9969954265528842,8.857142857142858,0.0,1.1379310344827587,0.5299539170506912,0.0,0.0
740,fric,1000,10,random_forest,1000.0,10.0,10.0,0.0,2.0,0.0,9.399999998116471e-09,1.0000000270555163,0.24039305583522216,-0.7027704484613608,0.1353916382460179,0.9895875212191703,100.0,0.0,1.2727272727272727,0.9999,0.0,0.0
741,rmftsasleepdata,1024,2,knn,1024.0,2.0,2.0,0.0,2.0,0.0,68.265625,8.200954964073823,0.39059152564973904,-0.8942639122921965,0.2072785659839833,0.999975234353679,512.0,0.0,1.0117878192534382,0.03955078125,0.0,0.0
743,fric,1000,5,random_forest,1000.0,5.0,5.0,0.0,2.0,0.0,5.60000000024985e-09,1.0000000268959368,0.02082335448864164,-1.092704174444097,0.1605395094389984,0.9946583178198954,200.0,0.0,1.188183807439825,1.0,0.0,0.0
744,fric,250,5,random_forest,250.0,5.0,5.0,0.0,2.0,0.0,1.5199999996262646e-08,1.0000000201221162,0.41981241321651197,-0.23052779806380636,0.5393395522248036,0.9881489563035424,50.0,0.0,1.2935779816513762,1.0,0.0,0.0
745,autoprice,159,15,logreg,159.0,15.0,15.0,0.0,2.0,0.0,558.4927966457022,72.24234630986751,0.7685583538023045,0.954092115771202,0.38066193795976494,0.9244571409936073,10.6,0.0,1.9444444444444444,0.2545073375262055,0.02012578616352201,0.0
746,fric,250,25,random_forest,250.0,25.0,25.0,0.0,2.0,0.0,1.4719999998362709e-08,1.0000000277097199,0.07980636165681912,-1.1972210126505904,0.05502571463221282,0.9849900098422721,10.0,0.0,1.3364485981308412,1.0,0.0,0.0
747,servo,167,4,logreg,167.0,4.0,2.0,2.0,2.0,0.0,3.3473053892215567,1.193809866680148,0.5360733902840227,-0.8717115215746811,0.8122683058183872,0.7737069184564601,41.75,1.0,3.3947368421052633,0.02844311377245509,0.0,5.0
748,analcatdatawildcat,163,5,knn,163.0,5.0,5.0,0.0,2.0,0.0,49.46431419631902,47.07447119771584,1.0581679693074513,1.484699673725784,0.4793982892185472,0.8665718875800492,32.6,0.0,2.4680851063829787,0.39018404907975457,0.24171779141104294,0.0
749,fric,500,5,random_forest,500.0,5.0,5.0,0.0,2.0,0.0,1.640000000229236e-08,1.000000031962736,0.4328522921407208,-0.2559117473894589,0.5546863941923108,0.9980485963136758,100.0,0.0,1.109704641350211,1.0,0.0,0.0
750,pm,500,7,random_forest,500.0,7.0,7.0,0.0,2.0,0.0,23.996290077142856,14.797872510974216,0.41287296615988817,0.4989987534076408,0.17900503869280554,0.9998153271520354,71.42857142857143,0.0,1.032520325203252,0.3742857142857143,0.012285714285714285,0.0
751,fric,1000,10,random_forest,1000.0,10.0,10.0,0.0,2.0,0.0,5.800000000544259e-09,1.0000000291214368,0.31904079621321113,-0.5859464306558405,0.1680642074499872,0.9895875212191703,100.0,0.0,1.2727272727272727,0.9998000000000001,0.0,0.0
753,wisconsin,194,32,knn,194.0,32.0,32.0,0.0,2.0,0.0,87.54843573083119,33.35988964093622,1.1475216098910166,2.8334535436206307,0.2977461950618499,0.9962401135432923,6.0625,0.0,1.1555555555555554,0.9041559278350516,0.01401417525773196,0.0
754,fric,100,5,random_forest,100.0,5.0,5.0,0.0,2.0,0.0,4.400000000370774e-08,1.0000000270334104,0.14230473120610138,-1.0663402020227182,0.04272493161240759,0.9953784388173404,20.0,0.0,1.173913043478261,1.0,0.0,0.0
755,sleuthex,62,5,random_forest,62.0,5.0,5.0,0.0,2.0,0.0,88.09354838709677,11.714103029452026,0.2449750906446159,0.10954982253656764,0.2509497510824049,0.9999999999971146,12.4,0.0,1.0,0.5,0.0,0.0
756,autoPrice,159,15,logreg,159.0,15.0,15.0,0.0,2.0,0.0,558.4927966457022,72.24234630986751,0.7685583538023045,0.954092115771202,0.38066193795976494,0.9244571409936073,10.6,0.0,1.9444444444444444,0.2545073375262055,0.02012578616352201,0.0
757,meta,528,21,random_forest,528.0,21.0,19.0,2.0,2.0,0.045454545454545456,812.1091692105264,1053.1434470452962,1.947790394716928,4.08249938853533,0.25935978166199486,0.4761588445551853,25.142857142857142,0.10526315789473684,8.777777777777779,0.033820346320346306,0.08373205741626795,23.0
758,analcatdataelection,67,15,random_forest,67.0,15.0,14.0,1.0,2.0,0.0,18328.496801705754,27710.016479462287,3.9518762886220946,21.92764998045223,0.561137493696029,0.8395304981025464,4.466666666666667,0.07142857142857142,2.7222222222222223,0.8049751243781096,0.039445628997867806,67.0
759,analcatdataolympic,66,12,random_forest,66.0,12.0,11.0,1.0,2.0,0.0,45455.770483672175,122247.86895090896,2.351391190003756,8.765470794703955,0.6193606677602911,0.9999999999971146,5.5,0.09090909090909091,1.0,0.6527777777777778,0.06887052341597796,66.0
762,fric,100,10,random_forest,100.0,10.0,10.0,0.0,2.0,0.0,2.6000000002496247e-08,1.0000000221508747,0.22204143498784212,-0.9300301167195869,0.1376720270453443,0.9927744539849228,10.0,0.0,1.2222222222222223,1.0,0.0,0.0
763,fric,250,10,random_forest,250.0,10.0,10.0,0.0,2.0,0.0,1.9199999998598117e-08,1.0000000284482324,0.07495934187844364,-1.1516556466263697,0.05576883478273736,0.9999999999971146,25.0,0.0,1.0,1.0,0.0,0.0
764,analcatdataapnea,450,3,random_forest,450.0,3.0,1.0,2.0,2.0,0.0,9.5,5.193901683641292,0.0,-1.2075015806393206,0.0,0.5357150195378849,150.0,2.0,7.181818181818182,0.02074074074074074,0.0,5.0
765,analcatdataapnea,475,3,random_forest,475.0,3.0,1.0,2.0,2.0,0.0,10.0,5.483000195079379,0.0,-1.2067266277278104,0.0,0.5702873371245372,158.33333333333334,2.0,6.421875,0.020350877192982456,0.0,5.0
767,analcatdataapnea,475,3,random_forest,475.0,3.0,1.0,2.0,2.0,0.0,10.0,5.483000195079379,0.0,-1.2067266277278104,0.0,0.5530919600658317,158.33333333333334,2.0,6.786885245901639,0.020350877192982456,0.0,5.0
768,fric,100,25,random_forest,100.0,25.0,25.0,0.0,2.0,0.0,3.0000000001920155e-08,1.0000000315579507,0.1974118152182095,-1.0212450932651416,0.09263210751173005,0.9927744539849228,4.0,0.0,1.2222222222222223,1.0,0.0,0.0
769,fric,250,50,random_forest,250.0,50.0,50.0,0.0,2.0,0.0,1.7439999998138942e-08,1.0000000282255683,0.06643413191898873,-1.1861027816170522,0.05465064334796114,0.9933418121851683,5.0,0.0,1.2123893805309736,1.0,0.0,0.0
770,strikes,625,6,random_forest,625.0,6.0,6.0,0.0,2.0,0.0,388.3489706666667,99.45155210477374,1.5032303241854341,10.228113713097152,0.11712913484128545,0.9999538332633537,104.16666666666667,0.0,1.0161290322580645,0.22586666666666666,0.0128,0.0
771,analcatdatamichiganacc,108,4,knn,108.0,4.0,2.0,2.0,2.0,0.0,32.86203703703704,17.033955038073195,0.20388281589586152,-0.9833612557944187,0.28733681691153723,0.9910760598353369,27.0,1.0,1.25,0.3773148148148148,0.0,8.0
772,quake,1200,3,random_forest,1200.0,3.0,3.0,0.0,2.0,0.0,45.24201111111112,86.48313847930565,1.4199109778399024,3.3802616185070593,0.08699346984330918,0.9912540071674836,400.0,0.0,1.247191011235955,0.6783333333333333,0.020833333333333332,0.0
773,fric,250,25,random_forest,250.0,25.0,25.0,0.0,2.0,0.0,1.5839999999300855e-08,1.000000032246184,0.08957263410280478,-1.2197751171858788,0.05573575876087233,0.9999538332633537,10.0,0.0,1.0161290322580645,1.0,0.0,0.0
774,disclosurexbias,662,3,logreg,662.0,3.0,3.0,0.0,2.0,0.0,23.42897575981873,7.532171265912183,0.3552917972227629,0.014492413936118886,0.03492335294311757,0.9987091547215523,220.66666666666666,0.0,1.088328075709779,1.0,0.0,0.0
775,fric,100,25,random_forest,100.0,25.0,25.0,0.0,2.0,0.0,2.6799999997265124e-08,1.0000000310584394,0.10247622937456524,-1.128036253932866,0.08469526711033815,0.9858150371760346,4.0,0.0,1.3255813953488371,1.0,0.0,0.0
776,fric,250,5,knn,250.0,5.0,5.0,0.0,2.0,0.0,1.1199999995881173e-08,1.0000000303371173,0.06561807202243024,-1.1608269312277086,0.05066306385934949,0.9999999999971146,50.0,0.0,1.0,1.0,0.0,0.0
777,sleuthex,47,7,logreg,47.0,7.0,7.0,0.0,2.0,0.0,1552.9990881458966,407.4405164840837,0.7895765113352676,0.6533486027033771,0.44628464002447066,0.9839393951606903,6.714285714285714,0.0,1.35,0.9088145896656535,0.0,0.0
778,bodyfat,252,14,logreg,252.0,14.0,14.0,0.0,2.0,0.0,59.03975470521542,6.415272137352658,1.0602308347605367,6.781982775921295,0.5240776681119773,0.9998182469574577,18.0,0.0,1.032258064516129,0.4620181405895691,0.0,0.0
779,fric,500,25,random_forest,500.0,25.0,25.0,0.0,2.0,0.0,9.519999996570048e-09,1.0000000313988382,0.066715828100026,-1.1832711260636026,0.04021947770411149,0.9966619137291532,20.0,0.0,1.145922746781116,0.9998400000000001,0.0,0.0
780,rabe,51,6,logreg,51.0,6.0,6.0,0.0,2.0,0.0,657.2251633986928,103.74790758519104,1.073548394105344,3.1510971285314633,0.2417980490124111,0.9774178175252863,8.5,0.0,1.4285714285714286,0.7875816993464052,0.0,0.0
782,rabe,120,2,knn,120.0,2.0,2.0,0.0,2.0,0.0,16.25,24.54344424998079,0.0,-1.221220056682899,4.5863353594477245e-17,0.9981958790399248,60.0,0.0,1.105263157894737,0.09166666666666667,0.041666666666666664,0.0
783,fric,100,10,random_forest,100.0,10.0,10.0,0.0,2.0,0.0,2.399999999860847e-08,1.000000030150772,0.2449105963804623,-0.8822497584361694,0.18875601383031596,0.9709505944517833,10.0,0.0,1.5,1.0,0.0,0.0
784,newtonhema,140,3,random_forest,140.0,3.0,2.0,1.0,2.0,0.0,43.89107142857143,40.525130564587705,1.4937273857738957,3.0555162341145783,0.024758509185874026,0.9999999999971146,46.666666666666664,0.5,1.0,0.3428571428571428,0.017857142857142856,11.0
785,windcorrelations,45,46,logreg,45.0,46.0,46.0,0.0,2.0,0.0,4.464427053140096,0.20538629754854867,0.4061490390106825,1.1387495038522615,0.4653630066973596,0.9996437496749708,0.9782608695652174,0.0,1.0454545454545454,0.9705314009661834,0.000966183574879227,0.0
786,cleveland,303,13,logreg,303.0,13.0,13.0,0.0,2.0,0.0015232292460015233,45.82762122366083,8.399136797335606,0.7843862625348099,0.06396908682919651,0.15717778537597876,0.9950837594900879,23.307692307692307,0.0,1.1798561151079137,0.10078700177710079,0.25107895404925107,0.0
787,witmercensus,50,5,random_forest,50.0,5.0,4.0,1.0,2.0,0.0,2299.2974999999997,324.09587996883846,0.3576680833495374,1.5135788914315116,0.4159482464108873,0.9988455359923164,10.0,0.25,1.0833333333333333,0.86,0.0,50.0
788,triazines,186,60,random_forest,186.0,60.0,60.0,0.0,2.0,0.0,0.20417562724014335,0.1798473776310952,3.173326409831618,18.069175138495186,0.24191702090021333,0.9785423861901333,3.1,0.0,1.4155844155844155,0.01890681003584229,0.03333333333333333,0.0
789,fric,100,10,random_forest,100.0,10.0,10.0,0.0,2.0,0.0,2.500000000673491e-08,1.0000000348097224,0.1410358608061044,-1.1008949257992295,0.10047721050629398,0.9974015885648542,10.0,0.0,1.127659574468085,1.0,0.0,0.0
790,elusage,55,2,random_forest,55.0,2.0,2.0,0.0,2.0,0.0,30.227272727272727,9.562508319530101,0.08112087441288562,-1.289127723870009,0.2479392851775054,0.988283610989031,27.5,0.0,1.2916666666666667,0.44545454545454544,0.0,0.0
791,diabetesnumeric,43,2,random_forest,43.0,2.0,2.0,0.0,2.0,0.0,8.590697674418603,5.572809599157848,0.739655884010017,-0.05179484784197608,0.23256906897137533,0.9681647320730693,21.5,0.0,1.5294117647058822,0.8837209302325582,0.0,0.0
792,fric,500,5,knn,500.0,5.0,5.0,0.0,2.0,0.0,6.400000006578921e-09,1.000000020978999,0.16251171703943906,-0.9248116850021102,0.294667705116055,0.9732424074320284,100.0,0.0,1.4752475247524752,1.0,0.0,0.0
793,fric,250,10,random_forest,250.0,10.0,10.0,0.0,2.0,0.0,9.999999996068709e-09,1.0000000309097075,0.2757182233054938,-0.5417472769200913,0.1648979777987339,0.9953784388173404,25.0,0.0,1.173913043478261,1.0,0.0,0.0
794,fric,250,25,random_forest,250.0,25.0,25.0,0.0,2.0,0.0,1.519999999885613e-08,1.0000000290123645,0.11228536212279089,-1.1436070390307567,0.06114402183640915,0.9909324035654845,10.0,0.0,1.2522522522522523,1.0,0.0,0.0
795,disclosurextampered,662,3,logreg,662.0,3.0,3.0,0.0,2.0,0.0,23.480946991440078,8.961842839791538,0.23812355689344264,0.03950632964734524,0.009539840904514587,0.9998946537401434,220.66666666666666,0.0,1.0244648318042813,1.0,0.0,0.0
796,cpu,209,7,logreg,209.0,7.0,6.0,1.0,2.0,0.0,2486.0215311004786,2656.502062487842,3.108127444700647,13.202312837755352,0.4605266369119508,0.8169164036839289,29.857142857142858,0.16666666666666666,2.943396226415094,0.14080656185919344,0.06299840510366826,30.0
798,cholesterol,303,13,logreg,303.0,13.0,13.0,0.0,2.0,0.0015232292460015233,26.92333079461792,4.510799731591995,0.7784626051075991,-0.2922215496684045,0.19471202353291378,0.9933820990833274,23.307692307692307,0.0,1.2116788321167884,0.06346788525006347,0.2927138867732927,0.0
799,fric,1000,5,random_forest,1000.0,5.0,5.0,0.0,2.0,0.0,6.2000000030870696e-09,1.000000021238056,0.04289435206293417,-1.1862650794195522,0.02429586933025709,0.9999740313305654,200.0,0.0,1.012072434607646,0.9998000000000001,0.0,0.0
800,pyrim,74,27,logreg,74.0,27.0,27.0,0.0,2.0,0.0,0.24370120120120117,0.19020774089253098,1.9523979283349788,5.676906572284997,0.21261586649962502,0.9809470132722355,2.740740740740741,0.0,1.3870967741935485,0.05355355355355356,0.037037037037037035,0.0
801,chscasefunds,185,3,random_forest,185.0,3.0,2.0,1.0,2.0,0.0,7470.267567567568,1330.7324672188633,0.4143638419598815,-0.10239594763932569,0.008551575747012348,0.9974482234208334,61.666666666666664,0.5,1.1264367816091954,0.6648648648648648,0.0,185.0
802,pbcseq,1200,18,random_forest,1200.0,18.0,13.0,5.0,2.0,0.032731481481481486,1786.861344871795,495.6232865180297,2.1009898586392284,16.377927685447307,0.17896992487019864,0.9999999999971146,66.66666666666667,0.38461538461538464,1.0,0.18523148148148147,0.15173076923076922,143.8
804,hutsoflogis,70,7,logreg,70.0,7.0,7.0,0.0,2.0,0.0,8.051530612244898,4.235634269971035,0.13985728090178184,-1.2931777831606723,0.19305456649595065,0.9994110647358698,10.0,0.0,1.0588235294117647,0.37142857142857144,0.21224489795918366,0.0
808,fric,100,10,random_forest,100.0,10.0,10.0,0.0,2.0,0.0,1.999999999768853e-08,1.0000000212299438,0.13546571812653332,-1.204703039220626,0.07934822232885527,0.9927744539849228,10.0,0.0,1.2222222222222223,1.0,0.0,0.0
810,pbc,418,18,logreg,418.0,18.0,18.0,0.0,2.0,0.1646730462519936,156.23818980595425,131.2544471174814,1.9312747427867372,6.3350130681506,0.15839390373959852,0.992705027215313,23.22222222222222,0.0,1.2234042553191489,0.25066454013822437,0.2021531100478469,0.0
811,rmftsactoarrivals,264,2,random_forest,264.0,2.0,1.0,1.0,2.0,0.0,1989.5,6.356338712269435,0.0,-1.205029255637539,0.0,0.9598409038343677,132.0,1.0,1.613861386138614,0.06439393939393939,0.0,12.0
812,fric,100,25,logreg,100.0,25.0,25.0,0.0,2.0,0.0,2.799999999309813e-08,1.0000000236735125,0.1187891040752625,-1.1183818684864166,0.08325936643624132,0.9974015885648542,4.0,0.0,1.127659574468085,1.0,0.0,0.0
813,fric,1000,5,random_forest,1000.0,5.0,5.0,0.0,2.0,0.0,4.0000000015361086e-09,1.0000000300225593,0.4126707230533556,-0.3953474495735274,0.5402324905851008,0.988517390386271,200.0,0.0,1.2883295194508009,1.0,0.0,0.0
814,chscasevine,468,2,knn,468.0,2.0,2.0,0.0,2.0,0.0,1006.75,8.804571582474022,0.0,-1.2155991532423889,1.0056563750845973e-14,0.9936144281971896,234.0,0.0,1.2075471698113207,0.06517094017094016,0.0,0.0
815,chscasevine,52,9,knn,52.0,9.0,9.0,0.0,2.0,0.0,10.034722222222221,4.572811302599425,0.3535290807388829,-0.3777688299576689,0.3410900855514781,0.9957274520820403,5.777777777777778,0.0,1.1666666666666667,0.41452991452991456,0.00641025641025641,0.0
817,diggletablea,48,4,logreg,48.0,4.0,4.0,0.0,2.0,0.0,8.620833333333334,4.047499213033217,0.28407432119144005,-0.37965171509229634,0.13797927189650566,0.9987472979332831,12.0,0.0,1.0869565217391304,0.59375,0.020833333333333332,0.0
818,diggletablea,310,8,logreg,310.0,8.0,8.0,0.0,2.0,0.0,154.77331786290324,41.2680604901503,0.2139685591027942,-0.9286252361324246,0.7236736716369047,0.9969954265528842,38.75,0.0,1.1379310344827587,0.46854838709677415,0.0,0.0
820,chatfield,235,12,logreg,235.0,12.0,12.0,0.0,2.0,0.0,202.473085106383,45.410321076753256,0.9872729349034096,0.7219777292935535,0.7487009972293168,0.9684069022952557,19.583333333333332,0.0,1.5268817204301075,0.8882978723404257,0.021631205673758865,0.0
824,fric,500,10,random_forest,500.0,10.0,10.0,0.0,2.0,0.0,1.1000000000560561e-08,1.0000000281679293,0.042384455192259765,-1.148798100379874,0.06407102508902927,0.9933418121851683,50.0,0.0,1.2123893805309736,1.0,0.0,0.0
825,bostoncorrected,506,20,knn,506.0,20.0,19.0,1.0,2.0,0.0,213.5805446973164,100.69232498365156,1.1708926242441569,2.9661072193856923,0.34115420567155486,0.9898335738936961,25.3,0.05263157894736842,1.2690582959641257,0.4728260869565218,0.08778864156438528,92.0
826,sensory,576,11,random_forest,576.0,11.0,11.0,0.0,2.0,0.0,2.1363636363636362,0.8928621401297118,0.0,-1.6134430995787878,0.0444984284700758,0.9790170528878903,52.36363636363637,0.0,1.4100418410041842,0.005681818181818182,0.0,0.0
827,disclosurexnoise,662,3,logreg,662.0,3.0,3.0,0.0,2.0,0.0,23.48797887613293,8.947933050819206,0.23411291865474607,0.05480034853666371,0.011276950685792583,0.9999736639136605,220.66666666666666,0.0,1.012158054711246,1.0,0.0,0.0
828,fric,100,100,random_forest,100.0,100.0,100.0,0.0,2.0,0.0,2.4199999999897828e-08,1.000000029725532,0.14420417213539674,-1.0865285940381477,0.08709077345809933,0.9974015885648542,1.0,0.0,1.127659574468085,1.0,0.0,0.0
829,fric,100,5,random_forest,100.0,5.0,5.0,0.0,2.0,0.0,4.599999999110871e-08,1.0000000222521588,0.2762388149030686,-0.910683588066578,0.15274356790123625,0.9927744539849228,20.0,0.0,1.2222222222222223,1.0,0.0,0.0
830,fric,250,10,random_forest,250.0,10.0,10.0,0.0,2.0,0.0,1.4400000002190437e-08,1.000000021182796,0.12185856138329883,-1.003736894146464,0.1085909365723524,0.9459534760660262,25.0,0.0,1.7472527472527473,1.0,0.0,0.0
831,autoMpg,398,7,logreg,398.0,7.0,7.0,0.0,2.0,0.0021536252692031586,480.9657573582197,142.61323027649092,0.585420179065317,-0.5320765896273155,0.5643414141299873,0.998177693951097,56.857142857142854,0.0,1.1058201058201058,0.230437903804738,0.0,0.0
832,fric,250,25,random_forest,250.0,25.0,25.0,0.0,2.0,0.0,1.1840000000411521e-08,1.0000000358910754,0.15690409172314954,-0.9991977725774954,0.06984408458492405,0.9909324035654845,10.0,0.0,1.2522522522522523,1.0,0.0,0.0
835,analcatdatavehicle,48,4,knn,48.0,4.0,0.0,4.0,2.0,0.0,0.0,0.0,0.0,0.0,0.0,0.9886994082856122,12.0,4.0,1.2857142857142858,0.0625,0.0,3.0
838,fric,500,25,random_forest,500.0,25.0,25.0,0.0,2.0,0.0,1.4159999999794337e-08,1.0000000282733428,0.1576117418486356,-0.9712995190716184,0.05530813367671708,0.9866165198459238,20.0,0.0,1.3148148148148149,0.99992,0.0,0.0
839,kddelninosmall,782,8,random_forest,782.0,8.0,8.0,0.0,2.0,0.07448849104859334,27.596005434782608,20.879883776482856,0.798525557122245,3.879469541767822,0.1378487086770879,0.9344102044509572,97.75,0.0,1.854014598540146,0.16272378516624042,0.008631713554987212,0.0
840,autoHorse,205,25,logreg,205.0,25.0,17.0,8.0,2.0,0.011121951219512196,1267.821274031564,529.0904636581326,0.9129264446068184,1.773570246499006,0.3390052743190617,0.9737326459197955,8.2,0.47058823529411764,1.4698795180722892,0.1808780487804878,0.019225251076040173,6.375
841,stock,950,9,random_forest,950.0,9.0,9.0,0.0,2.0,0.0,41.01183473684211,7.1464508982335895,0.36555916858492377,-0.7783488319532706,0.4282617207013176,0.9994596212523648,105.55555555555556,0.0,1.0562770562770563,0.22795321637426902,0.0,0.0
842,analcatdatarunshoes,60,10,knn,60.0,10.0,9.0,1.0,2.0,0.023333333333333334,12.699444444444445,5.701011476614552,1.1278013636483322,0.931930290861721,0.17165821218406033,0.9709505944517833,6.0,0.1111111111111111,1.5,0.075,0.32222222222222224,5.0
844,breastTumor,286,9,logreg,286.0,9.0,3.0,6.0,2.0,0.003496503496503497,18.375291375291376,4.728636210342068,0.902952715796252,2.145222519576175,0.14624540161131103,0.9812579903537847,31.77777777777778,2.0,1.3833333333333333,0.03146853146853147,0.17132867132867133,2.6666666666666665
845,fric,1000,10,random_forest,1000.0,10.0,10.0,0.0,2.0,0.0,5.299999998431559e-09,1.0000000265863591,0.04588562454575333,-1.1933011518954724,0.020451904386288747,0.9997662707781585,100.0,0.0,1.0366598778004072,1.0,0.0,0.0
850,fric,100,50,logreg,100.0,50.0,50.0,0.0,2.0,0.0,2.239999999999742e-08,1.0000000331964511,0.10208548550858368,-1.183266575408493,0.08012566245193077,0.9997114417499247,2.0,0.0,1.0408163265306123,1.0,0.0,0.0
852,analcatdatagsssexsurvey,159,9,random_forest,159.0,9.0,9.0,0.0,2.0,0.0041928721174004195,2721.049615653389,1880.5885393501464,2.08443835218573,6.86631509255695,0.1391452613751882,0.760397118293757,17.666666666666668,0.0,3.5428571428571427,0.07127882599580712,0.32634521313766596,0.0
853,boston,506,13,random_forest,506.0,13.0,13.0,0.0,2.0,0.0,70.07396704469444,26.765896791778385,1.5513333429628728,4.333779065262662,0.38901956124782633,0.9780709709706108,38.92307692307692,0.0,1.4210526315789473,0.4311340833079964,0.12815445424141075,0.0
854,fishcatch,158,7,logreg,158.0,7.0,7.0,0.0,2.0,0.0786618444846293,18.972061482820973,6.5248849344748665,0.7380312510046981,0.5559688046055972,0.2577385516338877,0.9702053179720987,22.571428571428573,0.0,1.507936507936508,0.4665461121157324,0.12839059674502712,0.0
855,fric,500,10,random_forest,500.0,10.0,10.0,0.0,2.0,0.0,3.8000000024851485e-09,1.00000002601544,0.34306074596192715,-0.5038381598769792,0.18311581076878464,0.9921837794358458,50.0,0.0,1.2321428571428572,1.0,0.0,0.0
857,bolts,40,7,logreg,40.0,7.0,7.0,0.0,2.0,0.0,12.96957142857143,9.587091400569335,0.3758635061271116,-0.9626888420784,0.14856530073917174,0.9340680553726057,5.714285714285714,0.0,1.8571428571428572,0.34285714285714286,0.07142857142857142,0.0
858,hungarian,294,13,random_forest,294.0,13.0,13.0,0.0,2.0,0.20460491889063318,44.813788592360034,9.08794990193353,1.5422937835278654,4.831387766394574,0.1269428560279028,0.9431340036800949,22.615384615384617,0.0,1.7735849056603774,0.08451072736787021,0.3346415489272632,0.0
859,analcatdatagviolence,74,9,logreg,74.0,9.0,8.0,1.0,2.0,0.0,926.3952702702702,105.88573809105641,1.3285499915446277,2.452334298574165,0.3362323973017056,0.9809470132722355,8.222222222222221,0.125,1.3870967741935485,0.35585585585585583,0.33783783783783783,74.0
860,vinnie,380,2,random_forest,380.0,2.0,2.0,0.0,2.0,0.0,46.17631578947368,2.0847908740755727,0.15183721428527375,-0.9065222971798509,0.09797753712625662,0.9995003941788734,190.0,0.0,1.054054054054054,0.02631578947368421,0.014473684210526316,0.0
861,auto,93,22,random_forest,93.0,22.0,20.0,2.0,2.0,0.006842619745845552,567.5265591397849,89.47654971987288,0.42317398943209944,0.23392724468477444,0.5013309770480798,0.9554189905624255,4.2272727272727275,0.1,1.6571428571428573,0.2702834799608993,0.06827956989247312,18.5
862,sleuthex,87,10,random_forest,87.0,10.0,10.0,0.0,2.0,0.0,47.12577356321839,1.0762548570825474,0.48204289595059685,-0.02872578255119205,0.359278165841907,0.9991421039890236,8.7,0.0,1.0714285714285714,0.3735632183908046,0.0,0.0
863,fric,250,10,random_forest,250.0,10.0,10.0,0.0,2.0,0.0,1.7200000004002904e-08,1.0000000227633006,0.3475286498531637,-0.5385538707580002,0.17596190252535532,0.9970433402075355,25.0,0.0,1.1367521367521367,0.9996,0.0,0.0
864,sleuthex,60,7,logreg,60.0,7.0,7.0,0.0,2.0,0.0,58.0997619047619,13.944726318110964,0.61907391578011,0.21576521592995576,0.6051559897282199,0.9927744539849228,8.571428571428571,0.0,1.2222222222222223,0.7714285714285715,0.07142857142857142,0.0
865,analcatdataneavote,100,3,knn,100.0,3.0,1.0,2.0,2.0,0.0,5.56,3.96785059998967,0.10987450734697649,-1.8980866257797822,0.0,0.3659236508973378,33.333333333333336,2.0,13.285714285714286,0.3666666666666667,0.0,51.0
867,visualizinglivestock,130,2,knn,130.0,2.0,0.0,2.0,2.0,0.0,0.0,0.0,0.0,0.0,0.0,0.7062740891847152,65.0,2.0,4.2,0.11923076923076924,0.0,15.5
868,fric,100,25,knn,100.0,25.0,25.0,0.0,2.0,0.0,2.2400000003901244e-08,1.0000000283948032,0.1976054684602528,-0.9810559976254446,0.09582087559897076,0.9953784388173404,4.0,0.0,1.173913043478261,1.0,0.0,0.0
869,fric,500,10,random_forest,500.0,10.0,10.0,0.0,2.0,0.0,9.99999999526935e-09,1.000000031468994,0.13432948479196222,-1.0028955958464831,0.08164112665959646,0.9849900098422721,50.0,0.0,1.3364485981308412,1.0,0.0,0.0
870,fric,500,5,random_forest,500.0,5.0,5.0,0.0,2.0,0.0,9.599999994946982e-09,1.0000000244963343,0.032493078239099124,-1.082679955193515,0.14865069907057124,0.9966619137291532,100.0,0.0,1.145922746781116,1.0,0.0,0.0
871,pollen,1200,5,logreg,1200.0,5.0,5.0,0.0,2.0,0.0,0.2271119166666667,6.515445441503712,0.07275815064197715,-0.04902933100089406,0.2974643740979349,0.9999999999971146,240.0,0.0,1.0,0.9966666666666667,0.0,0.0
872,872,506,13,random_forest,506.0,13.0,13.0,0.0,2.0,0.0,70.07396704469444,26.765896791778385,1.5513333429628728,4.333779065262662,0.38901956124782633,0.9780709709706108,38.92307692307692,0.0,1.4210526315789473,0.4311340833079964,0.12815445424141075,0.0
873,fric,250,50,random_forest,250.0,50.0,50.0,0.0,2.0,0.0,1.2320000000229925e-08,1.000000029821892,0.1053953426714952,-1.0996319033519122,0.05560216127030617,0.9866165198459238,5.0,0.0,1.3148148148148149,0.99992,0.0,0.0
874,rabe,50,5,random_forest,50.0,5.0,5.0,0.0,2.0,0.0,1193.9519999999998,177.0972170079438,0.5917021345853306,0.8057888033772189,0.3237902858880156,0.9814538950307683,10.0,0.0,1.380952380952381,0.9119999999999999,0.0,0.0
875,analcatdatachlamydia,100,3,random_forest,100.0,3.0,0.0,3.0,2.0,0.0,0.0,0.0,0.0,0.0,0.0,0.701471459881012,33.333333333333336,3.0,4.2631578947368425,0.05666666666666667,0.0,5.666666666666667
876,fric,100,50,random_forest,100.0,50.0,50.0,0.0,2.0,0.0,2.2999999999977207e-08,1.000000029937738,0.11909801369311834,-1.1552752988106918,0.07990622640192592,0.9895875212191703,2.0,0.0,1.2727272727272727,1.0,0.0,0.0
877,fric,250,50,random_forest,250.0,50.0,50.0,0.0,2.0,0.0,1.584000000324437e-08,1.0000000304980012,0.08402425823517695,-1.1542432778687886,0.04993646126384804,0.9933418121851683,5.0,0.0,1.2123893805309736,1.0,0.0,0.0
878,fric,100,10,random_forest,100.0,10.0,10.0,0.0,2.0,0.0,2.200000000418534e-08,1.0000000145340318,0.3177207291607253,-0.7768875642292031,0.2242741473425214,0.9974015885648542,10.0,0.0,1.127659574468085,1.0,0.0,0.0
879,fric,500,25,random_forest,500.0,25.0,25.0,0.0,2.0,0.0,9.440000002207683e-09,1.0000000309181951,0.0874204892694252,-1.109152650527387,0.040919573558863845,0.9660780975923402,20.0,0.0,1.5510204081632653,1.0,0.0,0.0
880,mu,284,10,random_forest,284.0,10.0,10.0,0.0,2.0,0.0,538.5440140845071,980.6944656834725,4.574286243009525,43.9674788846343,0.515016172814859,0.9999999999971146,28.4,0.0,1.0,0.4348591549295774,0.0,0.0
882,pollution,60,15,knn,60.0,15.0,15.0,0.0,2.0,0.0,291.34598888888894,114.09141591176112,1.33638972990276,5.390631468866205,0.25998925191493727,0.9991983542607545,4.0,0.0,1.0689655172413792,0.63,0.0,0.0
884,fric,500,5,random_forest,500.0,5.0,5.0,0.0,2.0,0.0,7.600000003904483e-09,1.0000000300060514,0.05928690895785841,-1.2142420449784006,0.033420876620611224,0.9999884584060098,100.0,0.0,1.0080321285140563,1.0,0.0,0.0
885,transplant,131,3,knn,131.0,3.0,3.0,0.0,2.0,0.0,23.586926208651402,14.38634029930352,1.5547659051461122,4.948955037390152,0.7236836345177832,0.9478774073634944,43.666666666666664,0.0,1.7291666666666667,0.6870229007633588,0.08396946564885496,0.0
886,no,500,7,knn,500.0,7.0,7.0,0.0,2.0,0.0,24.353844274285713,14.932101989140959,0.5120959917831207,0.4748910003384585,0.2022516036124318,0.9999884584060098,71.42857142857143,0.0,1.0080321285140563,0.45942857142857146,0.014857142857142857,0.0
887,mbagrade,61,2,knn,61.0,2.0,2.0,0.0,2.0,0.0,287.483606557377,32.91229572743661,0.7448526876199593,0.0955314737564088,0.05664999205671795,0.9982545693845978,30.5,0.0,1.103448275862069,0.22950819672131145,0.39344262295081966,0.0
889,fric,100,25,logreg,100.0,25.0,25.0,0.0,2.0,0.0,1.800000000294448e-08,1.0000000266134816,0.10365703688520114,-1.1515855158405108,0.07965637235480484,0.9999999999971146,4.0,0.0,1.0,1.0,0.0,0.0
890,cloud,108,7,random_forest,108.0,7.0,6.0,1.0,2.0,0.0,18.125740740740742,10.805081312212065,1.2357612872745347,2.5032037915002836,0.5615794246345627,0.8767162889965786,15.428571428571429,0.16666666666666666,2.375,0.7830687830687831,0.004629629629629629,2.0
891,sleuthcase,93,6,random_forest,93.0,6.0,6.0,0.0,2.0,0.0,2730.5107741935485,442.07556603619577,0.5574953385792428,-0.32130161785208194,0.29860638499241426,0.9629004147684415,15.5,0.0,1.5833333333333333,0.37992831541218636,0.05734767025089606,0.0
892,sleuthcase,50,7,knn,50.0,7.0,6.0,1.0,2.0,0.0,231.4198,25.541297140157948,0.70805689192425,1.16996101312829,0.2947687951004138,0.9988455359923164,7.142857142857143,0.16666666666666666,1.0833333333333333,0.8857142857142858,0.0,50.0
893,visualizinghamster,73,5,random_forest,73.0,5.0,5.0,0.0,2.0,0.0,1.9064607424657534,0.8182155280932811,0.4717725672494407,0.2704849550915142,0.6049984478030691,0.9933570282699613,14.6,0.0,1.2121212121212122,0.9890410958904109,0.0,0.0
894,rabe,66,5,knn,66.0,5.0,5.0,0.0,2.0,0.0,37.721030303030304,68.41311524942834,2.4918882719022006,9.340150422595915,0.3719774018107257,0.9999999999971146,13.2,0.0,1.0,0.8515151515151516,0.0,0.0
895,chscasegeyser,222,2,logreg,222.0,2.0,2.0,0.0,2.0,0.0,7.936711711711711,4.473282614206575,0.33023019068250775,-1.442590777821239,0.083554342551135,0.9688035512056725,111.0,0.0,1.5227272727272727,0.1126126126126126,0.0,0.0
896,fric,500,25,random_forest,500.0,25.0,25.0,0.0,2.0,0.0,9.679999999629985e-09,1.0000000307290118,0.13891148446916823,-0.9545636090061557,0.05463275677053673,0.9895875212191703,20.0,0.0,1.2727272727272727,0.9998400000000001,0.0,0.0
897,collegesaaup,1161,16,logreg,1161.0,16.0,13.0,3.0,2.0,0.013781223083548665,550.5582720466441,269.6925161372824,1.6457363173414268,7.35855642539004,0.553936826352327,0.8809748061629783,72.5625,0.23076923076923078,2.336206896551724,0.3304801894918174,0.013383687802292453,398.6666666666667
898,hip,54,7,logreg,54.0,7.0,7.0,0.0,2.0,0.3174603174603175,77.55555555555557,7.637887273815172,1.2984022605154428,4.408615539023713,0.20481952226291003,0.9990102708775961,7.714285714285714,0.0,1.0769230769230769,0.36507936507936506,0.0,0.0
899,analcatdatanegotiation,92,5,random_forest,92.0,5.0,4.0,1.0,2.0,0.056521739130434775,57.5680785652174,14.008894152918728,0.36780584286424733,0.03803713812332643,0.2480598136739339,0.8589810370397111,18.4,0.25,2.5384615384615383,0.2217391304347826,0.0,2.0
900,chscasecensus,400,6,knn,400.0,6.0,6.0,0.0,2.0,0.0,10.875032583333335,6.473533996263001,3.615806300231301,21.500873925027022,0.03591684448393757,0.9777945702885029,66.66666666666667,0.0,1.4242424242424243,0.99625,0.0,0.0
902,sleuthcase,147,6,logreg,147.0,6.0,6.0,0.0,2.0,0.0,14.359410430839,3.8652099491129657,0.7471644701749521,-1.0108411627913494,0.17667352702886382,0.9972943816433495,24.5,0.0,1.1304347826086956,0.08730158730158731,0.46258503401360546,0.0
906,chscasecensus,400,7,logreg,400.0,7.0,7.0,0.0,2.0,0.0,4.239122749999999,0.10732980124672156,0.34687212182643423,1.2140794059017732,0.03525024010066139,0.9991161687840898,57.142857142857146,0.0,1.072538860103627,0.8932142857142856,0.0,0.0
907,chscasecensus,400,7,knn,400.0,7.0,7.0,0.0,2.0,0.0,18.129091785714287,4.703498309378035,1.0049865837820422,3.397329399568188,0.03568422099654586,0.9993506898117249,57.142857142857146,0.0,1.0618556701030928,0.9607142857142857,0.0,0.0
908,chscasecensus,400,7,knn,400.0,7.0,7.0,0.0,2.0,0.0,4.233053642857143,0.09922929695258356,0.14262227462315796,0.2978155151208525,0.03389160658414344,0.9988455359923164,57.142857142857146,0.0,1.0833333333333333,0.9017857142857143,0.0,0.0
909,chscasecensus,400,7,logreg,400.0,7.0,7.0,0.0,2.0,0.0,19.966451392857145,5.2262129787139475,1.318865427974463,4.566359486973082,0.03825920103592749,0.9998376907180971,57.142857142857146,0.0,1.0304568527918783,0.9885714285714285,0.0,0.0
910,fric,1000,10,random_forest,1000.0,10.0,10.0,0.0,2.0,0.0,7.49999999882789e-09,1.0000000261579032,0.0354262678634557,-1.1504557815091068,0.054043091735660714,0.9881489563035424,100.0,0.0,1.2935779816513762,0.9999,0.0,0.0
911,fric,250,5,random_forest,250.0,5.0,5.0,0.0,2.0,0.0,8.800000001940588e-09,1.0000000221327165,0.17273399015673024,-0.9908265209701321,0.31029017043394946,0.9895875212191703,50.0,0.0,1.2727272727272727,1.0,0.0,0.0
912,fric,1000,5,random_forest,1000.0,5.0,5.0,0.0,2.0,0.0,8.000000001118225e-09,1.000000026761007,0.16952294002993012,-0.8201503773918809,0.27660849075350236,0.9795438195265773,200.0,0.0,1.4038461538461537,1.0,0.0,0.0
913,fric,1000,10,random_forest,1000.0,10.0,10.0,0.0,2.0,0.0,5.899999998160156e-09,1.0000000330760213,0.1322052183633451,-0.9976140651050702,0.07470056298869028,0.9814538950307683,100.0,0.0,1.380952380952381,0.9997,0.0,0.0
914,balloon,1200,2,random_forest,1200.0,2.0,2.0,0.0,2.0,0.0,497.66794166666665,286.73462037738693,1.2332227493657884,6.03166238276648,0.493522989781446,0.7964233393710252,600.0,0.0,3.152249134948097,0.52,0.0,0.0
915,plasmaretinol,315,13,knn,315.0,13.0,10.0,3.0,2.0,0.0,541.6729437015872,313.0586720449416,3.0640084152474727,29.725933270192904,0.19315492589573996,0.9824740868357557,24.23076923076923,0.3,1.368421052631579,0.5460317460317461,0.035555555555555556,2.6666666666666665
916,fric,100,5,random_forest,100.0,5.0,5.0,0.0,2.0,0.0,2.1999999998412182e-08,1.0000000242101796,0.5462877424484831,-0.2880364979155444,0.5451981054012206,0.9895875212191703,20.0,0.0,1.2727272727272727,1.0,0.0,0.0
918,fric,250,50,random_forest,250.0,50.0,50.0,0.0,2.0,0.0,1.0799999999644429e-08,1.000000029120172,0.12462071392855871,-1.0523080515433505,0.057313549532755775,0.9953784388173404,5.0,0.0,1.173913043478261,1.0,0.0,0.0
919,rabe,40,2,knn,40.0,2.0,2.0,0.0,2.0,0.0,31.848750000000003,9.182246128862996,0.020326144513708608,-1.1207497931718071,0.8969629360259803,0.9981958790399248,20.0,0.0,1.105263157894737,0.975,0.0,0.0
921,analcatdataseropositive,132,3,knn,132.0,3.0,2.0,1.0,2.0,0.0,53.359848484848484,42.56296222868299,0.7827839938303187,0.4041147952048363,0.3526078528578501,0.9327076126661514,44.0,0.5,1.8695652173913044,0.34848484848484845,0.0,3.0
922,fric,100,50,random_forest,100.0,50.0,50.0,0.0,2.0,0.0,2.4399999998749032e-08,1.00000003611406,0.14598041622991217,-1.1492966955933843,0.0851721290733077,0.9814538950307683,2.0,0.0,1.380952380952381,1.0,0.0,0.0
923,visualizingsoil,1200,4,random_forest,1200.0,4.0,4.0,0.0,2.0,0.0,13.201431520833333,7.454113610123422,0.4769744878955108,-0.769015917385804,0.09219828735158614,0.9927744539849228,300.0,0.0,1.2222222222222223,0.7002083333333333,0.185625,0.0
924,humandevel,130,3,logreg,130.0,3.0,2.0,1.0,2.0,0.0,33.07146923076923,18.971729355679237,0.17519423451578064,-1.2295001108968098,0.9868118295079294,0.9999999999971146,43.333333333333336,0.5,1.0,0.9538461538461539,0.0,130.0
925,visualizinggalaxy,323,4,logreg,323.0,4.0,4.0,0.0,2.0,0.0,20.896568685758513,24.762093042673044,0.16864522675635632,-0.6091842773406979,0.2557548584256168,0.9949536900354912,80.75,0.0,1.1824324324324325,0.7399380804953559,0.0,0.0
926,fric,500,25,random_forest,500.0,25.0,25.0,0.0,2.0,0.0,1.12000000004997e-08,1.000000031972085,0.05009416116340228,-1.1803086742877467,0.03801194289355671,0.9997114417499247,20.0,0.0,1.0408163265306123,1.0,0.0,0.0
927,hutsofchildwitness,42,16,logreg,42.0,16.0,16.0,0.0,2.0,0.0,6.500297619047619,2.737347913719061,0.24416140240190623,-0.616218674533546,0.37043373368883714,0.9736680645467348,2.625,0.0,1.4705882352941178,0.5252976190476191,0.0,0.0
928,rabe,46,4,logreg,46.0,4.0,4.0,0.0,2.0,0.0,8.353260869565217,4.9674029717224055,0.21938008859921354,-1.3003574839851462,0.2686964510954507,0.9945386816471258,11.5,0.0,1.1904761904761905,0.3695652173913043,0.14130434782608695,0.0
929,rabe,70,4,logreg,70.0,4.0,4.0,0.0,2.0,0.0,8.906900821428572,5.845643650610665,0.013096310205240136,-0.5149644298890906,0.5498598292984165,0.9999999999971146,17.5,0.0,1.0,1.0,0.0,0.0
931,disclosurez,662,3,logreg,662.0,3.0,3.0,0.0,2.0,0.0,23.43600764400806,7.497684313367773,0.3724786554483233,0.03249312050329559,0.036228191475103665,0.9980963921406943,220.66666666666666,0.0,1.10828025477707,1.0,0.0,0.0
932,fric,100,50,random_forest,100.0,50.0,50.0,0.0,2.0,0.0,1.9400000008851225e-08,1.0000000247823986,0.17408872811484405,-0.9966348986512483,0.08795380100599867,0.9895875212191703,2.0,0.0,1.2727272727272727,1.0,0.0,0.0
933,fric,250,25,random_forest,250.0,25.0,25.0,0.0,2.0,0.0,2.0800000001734986e-08,1.0000000303441534,0.15581150727370693,-0.9478102343848356,0.07063513134925725,0.9944066525598949,10.0,0.0,1.1929824561403508,1.0,0.0,0.0
934,socmob,1156,5,random_forest,1156.0,5.0,1.0,4.0,2.0,0.0,16.94074394463668,44.35826917409416,7.193711684481208,81.87672303272348,0.0,0.76281229833228,231.2,4.0,3.515625,0.06851211072664361,0.22750865051903113,9.5
935,fric,250,10,random_forest,250.0,10.0,10.0,0.0,2.0,0.0,1.0000000004328769e-08,1.00000003090098,0.08755021830609142,-1.1815736900187421,0.10509202362759917,0.9895875212191703,25.0,0.0,1.2727272727272727,1.0,0.0,0.0
936,fric,500,10,random_forest,500.0,10.0,10.0,0.0,2.0,0.0,1.1800000001471744e-08,1.0000000216082465,0.25750534561812877,-0.7592815688583656,0.1437268176132647,0.9944066525598949,50.0,0.0,1.1929824561403508,0.9998000000000001,0.0,0.0
938,sleuthex,42,10,logreg,42.0,10.0,8.0,2.0,2.0,0.0,118707.02407738096,173656.56702451623,2.189066833554153,7.662814515206371,0.4231894675567767,0.9934472383773173,4.2,0.25,1.2105263157894737,0.8642857142857144,0.0,34.0
939,chscasewhale,228,9,random_forest,228.0,9.0,9.0,0.0,2.0,0.009746588693957114,84.05116959064327,48.148811929893036,0.39854304340474656,0.2599816260333827,0.27586383267619624,0.9995003941788734,25.333333333333332,0.0,1.054054054054054,0.439083820662768,0.06725146198830409,0.0
940,watertreatment,527,38,random_forest,527.0,38.0,37.0,1.0,2.0,0.027963647258563862,1242.1780978511717,242.81446419376132,2.8327153389281965,26.347454849496696,0.18069480803709115,0.6143331287502077,13.868421052631579,0.02702702702702703,5.5875,0.37611105562768404,0.008923534540232833,527.0
941,lowbwt,189,9,knn,189.0,9.0,9.0,0.0,2.0,0.0,17.42269253380364,4.433745730688518,1.5223881609752905,2.5528881521174664,0.11556232963640085,0.9983636725909277,21.0,0.0,1.1,0.07054673721340388,0.4950029394473839,0.0
942,chscasehealth,50,4,knn,50.0,4.0,2.0,2.0,2.0,0.0,892.09,113.8999047722933,0.07983548212324196,-0.39916157051917145,0.36124144957434223,0.9988455359923164,12.5,1.0,1.0833333333333333,0.585,0.0,29.5
943,fric,500,10,random_forest,500.0,10.0,10.0,0.0,2.0,0.0,1.1200000000766152e-08,1.0000000295201936,0.05489075982708128,-1.1805504366437114,0.03715293891297574,0.9990649315747253,50.0,0.0,1.0746887966804979,1.0,0.0,0.0
944,echoMonths,130,9,logreg,130.0,9.0,9.0,0.0,2.0,0.0829059829059829,10.701593162393163,2.5292217102905203,1.0116998133591448,1.197682325234479,0.24043097687989057,0.9998292601205083,14.444444444444445,0.0,1.03125,0.317948717948718,0.26324786324786326,0.0
945,kidney,76,6,random_forest,76.0,6.0,4.0,2.0,2.0,0.0,41.39802631578947,39.28030776409345,1.0055169758699738,0.5085783580858205,0.17039235295992913,0.9980008838694141,12.666666666666666,0.5,1.1111111111111112,0.29824561403508776,0.05921052631578947,3.0
946,visualizingethanol,88,2,logreg,88.0,2.0,2.0,0.0,2.0,0.0,6.9957329545454545,2.5325914449082534,0.3031756794518419,-1.3513778335968394,0.03113092731422496,0.9996273710545758,44.0,0.0,1.0465116279069768,0.5284090909090909,0.0,0.0
947,arsenicmalebladder,559,4,random_forest,559.0,4.0,4.0,0.0,2.0,0.0,6781.323121645796,52178.258977658516,2.5168577188996513,25.387574665815304,0.23712558795669017,0.25558556674610033,139.75,0.0,22.291666666666668,0.23211091234347048,0.005813953488372093,0.0
948,quake,1200,3,random_forest,1200.0,3.0,3.0,0.0,2.0,0.0,45.24201111111112,86.48313847930565,1.4199109778399024,3.3802616185070593,0.08699346984330918,0.9912540071674836,400.0,0.0,1.247191011235955,0.6783333333333333,0.020833333333333332,0.0
949,arsenicfemalebladder,559,4,random_forest,559.0,4.0,4.0,0.0,2.0,0.0,5953.711314847943,45310.38037045619,2.529680194955984,25.832721119552335,0.23737723183791204,0.592333002896442,139.75,0.0,5.9875,0.22853309481216458,0.005813953488372093,0.0
950,arsenicfemalelung,559,4,random_forest,559.0,4.0,4.0,0.0,2.0,0.0,5953.711314847943,45310.38037045619,2.529680194955984,25.832721119552335,0.23737723183791204,0.21401923999079348,139.75,0.0,28.42105263157895,0.22853309481216458,0.005813953488372093,0.0
951,arsenicmalelung,559,4,random_forest,559.0,4.0,4.0,0.0,2.0,0.0,6781.323121645796,52178.258977658516,2.5168577188996513,25.387574665815304,0.23712558795669017,0.15935006268274912,139.75,0.0,42.0,0.23211091234347048,0.005813953488372093,0.0
952,prnnfglass,214,9,random_forest,214.0,9.0,9.0,0.0,6.0,0.0,11.265851609553478,0.6895407776407763,2.071040285984989,9.908544271023597,0.22769842938237478,2.1765339923895444,23.77777777777778,0.0,8.444444444444445,0.4875389408099688,0.2035306334371755,0.0
955,tae,151,5,random_forest,151.0,5.0,5.0,0.0,2.0,0.0,10.654304635761589,5.499840201625443,0.9821371202395648,0.06846993038188871,0.17194460480745874,0.9289400324929343,30.2,0.0,1.9038461538461537,0.1337748344370861,0.0,0.0
956,molecularbiologypromoters,106,58,logreg,106.0,58.0,0.0,58.0,2.0,0.0,0.0,0.0,0.0,0.0,0.0,0.9052002969531626,1.8275862068965518,58.0,2.1176470588235294,0.05400130123617436,0.0,5.724137931034483
957,braziltourism,412,8,random_forest,412.0,8.0,8.0,0.0,2.0,0.029126213592233007,147.91449602002427,108.86916471894548,1.4243125587034273,3.542946340772313,0.12949629879382285,0.7747817605829472,51.5,0.0,3.382978723404255,0.09617718446601942,0.28519417475728154,0.0
960,postoperativepatientdata,90,8,logreg,90.0,8.0,1.0,7.0,2.0,0.004166666666666667,10.911111111111111,2.2716842459634,0.7592239884291848,0.5220196133038959,0.0,0.8672816221971404,11.25,7.0,2.4615384615384617,0.03194444444444444,0.0,2.7142857142857144
961,analcatdatabroadwaymult,285,7,logreg,285.0,7.0,3.0,4.0,2.0,0.013533834586466164,27.403321894736845,6.9466839440258035,0.38262925033770473,-1.0655317957502695,0.3272293727466952,0.9785707523198712,40.714285714285715,1.3333333333333333,1.4152542372881356,0.10977443609022557,0.0,25.75
962,mfeatmorphological,1200,6,knn,1200.0,6.0,6.0,0.0,2.0,0.0,1057.466326198889,633.8176420153517,0.5476975292647329,-0.6613274712932322,0.5727804297858845,0.4689955935863958,200.0,0.0,9.0,0.4798611111111111,0.20847222222222223,0.0
963,hearth,294,13,random_forest,294.0,13.0,6.0,7.0,2.0,0.20460491889063318,95.05912698412699,19.14155454448952,0.6966375439418776,1.1960611449460097,0.1970733805102593,0.9431340036800949,22.615384615384617,1.1666666666666667,1.7735849056603774,0.08451072736787021,0.27380952380952384,2.7142857142857144
965,zoo,101,17,logreg,101.0,17.0,1.0,16.0,2.0,0.0,2.8415841584158414,2.033384731266205,0.13942710182441184,-0.5986300839021887,0.0,0.974319721106805,5.9411764705882355,16.0,1.4634146341463414,0.07920792079207921,0.22772277227722773,8.125
966,analcatdatahalloffame,1200,17,random_forest,1200.0,17.0,15.0,2.0,2.0,0.0008823529411764705,640.4444013888889,327.5935171292447,1.0913088501501014,2.1757128235861742,0.5646027323988048,0.44749925503397814,70.58823529411765,0.13333333333333333,9.714285714285714,0.4227941176470588,0.0005,603.0
967,cars,406,8,random_forest,406.0,8.0,7.0,1.0,2.0,0.004310344827586207,485.64964813511614,143.77565488777208,0.49633976976928923,-0.5321126939162321,0.6422602276875372,0.953979039143978,50.75,0.14285714285714285,1.6710526315789473,0.3346674876847291,0.0,312.0
968,analcatdatabirthday,365,3,knn,365.0,3.0,2.0,1.0,2.0,0.0273972602739726,4573.941095890411,413.3452042913287,0.16949888804182456,-0.9400723541980484,0.040754217083850394,0.5977108006771762,121.66666666666667,0.5,5.886792452830188,0.34520547945205476,0.0,11.0
969,iris,150,4,knn,150.0,4.0,4.0,0.0,2.0,0.0,3.4636666666666667,0.9473104002482852,0.2571061083567424,-0.7507394876837397,0.5898157206151017,0.9182958340516041,37.5,0.0,2.0,0.20500000000000002,0.0,0.0
970,analcatdataauthorship,841,70,knn,841.0,70.0,70.0,0.0,2.0,0.0,10.12524205877357,5.356526083946353,1.1158652239503413,2.359129460351534,0.16155790490973115,0.9558465023095525,12.014285714285714,0.0,1.6529968454258674,0.034312892814676414,0.11037880074740955,0.0
972,squashstored,52,24,random_forest,52.0,24.0,23.0,1.0,2.0,0.00560897435897436,379.0403177257525,87.3963264179333,0.5076865556000675,-0.2947227509953127,0.395377092981738,0.9903748364456897,2.1666666666666665,0.043478260869565216,1.2608695652173914,0.7235576923076922,0.0,3.0
973,wine,178,13,logreg,178.0,13.0,13.0,0.0,2.0,0.0,69.13366292091617,26.17778523132608,0.4325480594191304,0.006742802303922042,0.30495748135034884,0.9702895375379217,13.692307692307692,0.0,1.5070422535211268,0.5514261019878999,0.0,0.0
974,hayesroth,132,4,random_forest,132.0,4.0,4.0,0.0,2.0,0.0,1.9659090909090908,0.915892852074738,0.5599841611683708,-0.636107526894767,0.035851759382238294,0.9624127354601069,33.0,0.0,1.588235294117647,0.02840909090909091,0.0,0.0
975,autos,205,25,random_forest,205.0,25.0,15.0,10.0,2.0,0.011512195121951221,1443.2520780487805,602.049849300882,0.9084644716490877,1.449646923925296,0.39268014961260433,0.9116539980583749,8.2,0.6666666666666666,2.0597014925373136,0.19121951219512195,0.0,6.0
982,heartc,303,13,knn,303.0,13.0,6.0,7.0,2.0,0.0017771007870017769,97.26732673267327,17.241934398417033,0.8459255183722107,1.1189570179332673,0.20264622920748787,0.9942646092590195,23.307692307692307,1.1666666666666667,1.1956521739130435,0.10053313023610054,0.15346534653465346,2.7142857142857144
983,cmc,1200,9,random_forest,1200.0,9.0,9.0,0.0,2.0,0.0,5.455555555555557,1.7092601854589045,1.1550089653167575,0.8744065861555437,0.1819525466573459,0.984426897797126,133.33333333333334,0.0,1.34375,0.006574074074074074,0.15435185185185185,0.0
984,analcatdatadraft,366,5,knn,366.0,5.0,5.0,0.0,2.0,0.000546448087431694,112.6054644808743,64.77532444590287,0.0023336357356812496,-1.2034654132138765,0.20736831815566723,0.42783854405620236,73.2,0.0,10.4375,0.6125683060109289,0.0,0.0
985,squashunstored,52,23,knn,52.0,23.0,22.0,1.0,2.0,0.03260869565217392,278.2771765734266,62.94657157085572,0.41959484944921643,-0.18931764619056243,0.4327197944348131,0.9957274520820403,2.260869565217391,0.045454545454545456,1.1666666666666667,0.68561872909699,0.0,3.0
986,analcatdatamarketing,364,32,knn,364.0,32.0,32.0,0.0,2.0,0.006868131868131869,3.281593406593407,0.9950215113977469,0.6114389653471419,0.32366254949286594,0.1329667405921129,0.8999049782629667,11.375,0.0,2.1652173913043478,0.01356456043956044,0.0,0.0
987,collins,500,23,random_forest,500.0,23.0,22.0,1.0,2.0,0.0,14.631925454545454,7.639983091147465,1.059712106647997,3.397683576815524,0.23355741594484083,0.6343095546376807,21.73913043478261,0.045454545454545456,5.25,0.44973913043478253,0.018363636363636363,500.0
988,fl,67,15,random_forest,67.0,15.0,15.0,0.0,2.0,0.0,6105.190049751243,9429.446814515128,3.661602538837367,18.16079853771491,0.4947500821684365,0.9635359835741434,4.466666666666667,0.0,1.5769230769230769,0.5990049751243782,0.16119402985074627,0.0
989,anneal,898,38,random_forest,898.0,38.0,16.0,22.0,2.0,0.6498358926268901,132.89587952394209,159.76657880936227,3.7696541385283275,68.45419113491977,0.06522947242856618,0.7922141121638746,23.63157894736842,1.375,3.196261682242991,0.006329855819950767,0.62896714922049,1.7272727272727273
